FENY,2015-06-17,22.450001,22.500000,22.150000,22.250000,18.519491,74100
FENY,2015-06-18,22.309999,22.379999,22.219999,22.219999,18.494524,112700
FENY,2015-06-19,21.990000,22.030001,21.860001,21.900000,18.349569,149500
FENY,2015-06-22,22.059999,22.120001,21.920000,22.090000,18.508764,146300
FENY,2015-06-23,22.090000,22.219999,22.059999,22.190001,18.592556,78700
FENY,2015-06-24,22.150000,22.250000,22.040001,22.059999,18.483629,159700
FENY,2015-06-25,22.070000,22.070000,21.820000,21.830000,18.290915,120200
FENY,2015-06-26,21.830000,21.860001,21.660000,21.860001,18.316053,90100
FENY,2015-06-29,21.629999,21.700001,21.459999,21.459999,17.980902,125600
FENY,2015-06-30,21.660000,21.660000,21.459999,21.570000,18.073074,1063400
FENY,2015-07-01,21.650000,21.650000,21.180000,21.260000,17.813330,153300
FENY,2015-07-02,21.340000,21.459999,21.299999,21.330000,17.871979,98900
FENY,2015-07-06,21.080000,21.230000,20.959999,21.020000,17.612238,2662300
FENY,2015-07-07,20.990000,21.280001,20.690001,21.230000,17.788189,207300
FENY,2015-07-08,21.070000,21.219999,20.700001,20.790001,17.419523,240000
FENY,2015-07-09,21.030001,21.150000,20.870001,20.870001,17.486551,81300
FENY,2015-07-10,20.969999,21.120001,20.879999,20.959999,17.561964,182500
FENY,2015-07-13,20.990000,21.129999,20.969999,21.100000,17.679266,103300
FENY,2015-07-14,21.049999,21.350000,21.000000,21.309999,17.855217,99900
FENY,2015-07-15,21.209999,21.250000,20.840000,20.920000,17.528448,256100
FENY,2015-07-16,21.020000,21.059999,20.860001,20.889999,17.503313,72500
FENY,2015-07-17,20.879999,20.879999,20.570000,20.650000,17.302219,141700
FENY,2015-07-20,20.650000,20.650000,20.340000,20.360001,17.059238,151900
FENY,2015-07-21,20.360001,20.549999,20.330000,20.389999,17.084368,92700
FENY,2015-07-22,20.350000,20.410000,20.190001,20.219999,16.941933,163500
FENY,2015-07-23,20.250000,20.379999,20.030001,20.170000,16.900040,114800
FENY,2015-07-24,20.200001,20.200001,19.700001,19.770000,16.564884,216500
FENY,2015-07-27,19.549999,19.700001,19.400000,19.469999,16.313520,209300
FENY,2015-07-28,19.540001,20.139999,19.500000,20.040001,16.791111,166400
FENY,2015-07-29,20.040001,20.379999,19.940001,20.370001,17.067616,304500
FENY,2015-07-30,20.360001,20.389999,20.139999,20.250000,16.967066,96500
FENY,2015-07-31,20.110001,20.110001,19.700001,19.709999,16.514612,171400
FENY,2015-08-03,19.580000,19.620001,19.280001,19.330000,16.196215,300400
FENY,2015-08-04,19.330000,19.549999,19.150000,19.230000,16.112431,107300
FENY,2015-08-05,19.350000,19.570000,19.080000,19.080000,15.986748,260400
FENY,2015-08-06,19.040001,19.450001,18.850000,19.430000,16.280005,209500
FENY,2015-08-07,19.309999,19.500000,19.000000,19.059999,15.969991,182600
FENY,2015-08-10,19.110001,19.700001,19.110001,19.700001,16.506235,59700
FENY,2015-08-11,19.230000,19.709999,19.209999,19.680000,16.489477,201600
FENY,2015-08-12,19.559999,20.090000,19.530001,20.059999,16.807871,120200
FENY,2015-08-13,19.940001,19.969999,19.730000,19.760000,16.556507,112600
FENY,2015-08-14,19.809999,19.900000,19.660000,19.680000,16.489477,52600
FENY,2015-08-17,19.629999,19.820000,19.549999,19.709999,16.514612,72800
FENY,2015-08-18,19.650000,19.740000,19.540001,19.650000,16.464342,60200
FENY,2015-08-19,19.549999,19.549999,19.000000,19.110001,16.011887,201500
FENY,2015-08-20,19.010000,19.129999,18.650000,18.650000,15.626458,340000
FENY,2015-08-21,18.500000,18.650000,18.020000,18.020000,15.098598,613800
FENY,2015-08-24,17.350000,17.750000,16.930000,17.100000,14.327745,464700
FENY,2015-08-25,17.809999,17.809999,16.860001,16.860001,14.126655,233000
FENY,2015-08-26,17.260000,17.430000,16.930000,17.389999,14.570728,201900
FENY,2015-08-27,17.820000,18.340000,17.799999,18.330000,15.358340,374100
FENY,2015-08-28,18.280001,18.910000,18.280001,18.709999,15.676735,184600
FENY,2015-08-31,18.600000,19.020000,18.260000,19.000000,15.919715,345900
FENY,2015-09-01,18.459999,18.580000,18.120001,18.230000,15.274549,206500
FENY,2015-09-02,18.549999,18.549999,18.000000,18.410000,15.425368,229300
FENY,2015-09-03,18.510000,18.860001,18.370001,18.480000,15.484023,103900
FENY,2015-09-04,18.200001,18.250000,18.080000,18.170000,15.224279,103000
FENY,2015-09-08,18.340000,18.440001,18.110001,18.410000,15.425368,63200
FENY,2015-09-09,18.500000,18.740000,18.010000,18.040001,15.115354,73500
FENY,2015-09-10,18.110001,18.209999,17.870001,18.120001,15.182383,110000
FENY,2015-09-11,18.000000,18.020000,17.740000,17.930000,15.023187,104900
FENY,2015-09-14,17.910000,17.910000,17.709999,17.809999,14.922637,123200
FENY,2015-09-15,17.889999,18.070000,17.889999,18.020000,15.098598,121500
FENY,2015-09-16,18.160000,18.559999,18.160000,18.549999,15.542673,166200
FENY,2015-09-17,18.549999,18.870001,18.420000,18.530001,15.525913,68100
FENY,2015-09-18,18.110001,18.170000,17.799999,17.879999,15.091239,103100
FENY,2015-09-21,18.070000,18.110001,17.879999,17.959999,15.158765,121000
FENY,2015-09-22,17.660000,17.959999,17.650000,17.790001,15.015275,107600
FENY,2015-09-23,17.830000,17.910000,17.510000,17.530001,14.795834,273300
FENY,2015-09-24,17.410000,17.700001,17.280001,17.620001,14.871790,269200
FENY,2015-09-25,17.809999,17.809999,17.500000,17.610001,14.863353,449500
FENY,2015-09-28,17.430000,17.430000,16.980000,16.990000,14.340051,101800
FENY,2015-09-29,17.080000,17.200001,16.860001,17.000000,14.348493,128500
FENY,2015-09-30,17.200001,17.400000,17.120001,17.379999,14.669225,72400
FENY,2015-10-01,17.570000,17.740000,17.250000,17.410000,14.694547,93300
FENY,2015-10-02,17.219999,18.110001,17.190001,18.110001,15.285369,135500
FENY,2015-10-05,18.400000,18.719999,18.309999,18.690001,15.774901,128300
FENY,2015-10-06,18.809999,19.280001,18.650000,19.150000,16.163158,234900
FENY,2015-10-07,19.400000,19.620001,18.980000,19.410000,16.382605,256700
FENY,2015-10-08,19.410000,19.860001,19.270000,19.780001,16.694899,125500
FENY,2015-10-09,19.889999,19.889999,19.549999,19.650000,16.585173,301000
FENY,2015-10-12,19.700001,19.700001,19.209999,19.379999,16.357285,133300
FENY,2015-10-13,19.200001,19.469999,19.120001,19.209999,16.213797,96700
FENY,2015-10-14,19.170000,19.420000,19.049999,19.370001,16.348841,93400
FENY,2015-10-15,19.340000,19.700001,19.200001,19.690001,16.618933,130000
FENY,2015-10-16,19.780001,19.820000,19.490000,19.700001,16.627373,91700
FENY,2015-10-19,19.540001,19.540001,19.230000,19.290001,16.281322,72200
FENY,2015-10-20,19.290001,19.490000,19.190001,19.370001,16.348841,147000
FENY,2015-10-21,19.360001,19.370001,19.100000,19.100000,16.120956,46400
FENY,2015-10-22,19.260000,19.500000,19.200001,19.469999,16.433245,123000
FENY,2015-10-23,19.440001,19.600000,19.270000,19.440001,16.407927,97000
FENY,2015-10-26,19.379999,19.389999,18.950001,18.959999,16.002787,127600
FENY,2015-10-27,18.700001,18.770000,18.520000,18.700001,15.783338,90800
FENY,2015-10-28,18.799999,19.280001,18.750000,19.150000,16.163158,95300
FENY,2015-10-29,19.080000,19.430000,19.059999,19.240000,16.239124,93000
FENY,2015-10-30,19.309999,19.559999,19.100000,19.370001,16.348841,87500
FENY,2015-11-02,19.299999,19.910000,19.230000,19.840000,16.745537,207500
FENY,2015-11-03,19.980000,20.480000,19.980000,20.320000,17.150669,129000
FENY,2015-11-04,20.379999,20.400000,19.990000,20.150000,17.007187,211200
FENY,2015-11-05,20.080000,20.230000,19.870001,19.940001,16.829941,92400
FENY,2015-11-06,19.750000,19.870001,19.570000,19.870001,16.770855,82400
FENY,2015-11-09,19.840000,20.000000,19.559999,19.639999,16.576731,393900
FENY,2015-11-10,19.600000,19.780001,19.510000,19.690001,16.618933,97200
FENY,2015-11-11,19.709999,19.709999,19.230000,19.290001,16.281322,128700
FENY,2015-11-12,19.110001,19.120001,18.790001,18.830000,15.893067,122200
FENY,2015-11-13,18.780001,18.870001,18.530001,18.730000,15.808668,79300
FENY,2015-11-16,18.680000,19.379999,18.600000,19.360001,16.340401,132900
FENY,2015-11-17,19.290001,19.379999,19.100000,19.139999,16.154715,228400
FENY,2015-11-18,19.230000,19.500000,19.110001,19.480000,16.441687,170500
FENY,2015-11-19,19.370001,19.420000,19.049999,19.200001,16.205360,161500
FENY,2015-11-20,19.209999,19.290001,18.959999,18.969999,16.011230,85300
FENY,2015-11-23,18.930000,19.200001,18.879999,19.110001,16.129395,76000
FENY,2015-11-24,19.250000,19.639999,19.250000,19.580000,16.526087,111400
FENY,2015-11-25,19.430000,19.570000,19.260000,19.420000,16.391045,80300
FENY,2015-11-27,19.270000,19.299999,19.180000,19.240000,16.239124,21900
FENY,2015-11-30,19.309999,19.510000,19.290001,19.360001,16.340401,64600
FENY,2015-12-01,19.370001,19.469999,19.330000,19.459999,16.424805,111200
FENY,2015-12-02,19.350000,19.389999,18.799999,18.840000,15.901508,187000
FENY,2015-12-03,19.000000,19.000000,18.400000,18.480000,15.597659,162300
FENY,2015-12-04,18.299999,18.450001,18.000000,18.330000,15.471055,165600
FENY,2015-12-07,17.969999,17.990000,17.370001,17.610001,14.863353,436200
FENY,2015-12-08,17.200001,17.650000,17.070000,17.410000,14.694547,220800
FENY,2015-12-09,17.500000,18.020000,17.410000,17.639999,14.888673,186900
FENY,2015-12-10,17.700001,18.010000,17.559999,17.790001,15.015275,142800
FENY,2015-12-11,17.500000,17.500000,17.129999,17.150000,14.475101,407300
FENY,2015-12-14,17.070000,17.330000,16.889999,17.219999,14.534181,253700
FENY,2015-12-15,17.520000,17.770000,17.520000,17.690001,14.930876,201400
FENY,2015-12-16,17.650000,17.799999,17.400000,17.590000,14.846472,261500
FENY,2015-12-17,17.620001,17.620001,17.129999,17.129999,14.458217,143000
FENY,2015-12-18,17.040001,17.040001,16.709999,16.740000,14.224541,415700
FENY,2015-12-21,16.740000,16.850000,16.540001,16.700001,14.190554,327500
FENY,2015-12-22,16.750000,17.000000,16.700001,16.920000,14.377495,358100
FENY,2015-12-23,17.230000,17.680000,17.209999,17.680000,15.023293,268900
FENY,2015-12-24,17.740000,17.740000,17.469999,17.500000,14.870338,80000
FENY,2015-12-28,17.200001,17.290001,17.090000,17.180000,14.598422,774400
FENY,2015-12-29,17.500000,17.520000,17.190001,17.290001,14.691897,233900
FENY,2015-12-30,17.000000,17.280001,16.969999,17.010000,14.453970,237900
FENY,2015-12-31,17.020000,17.200001,16.900000,17.090000,14.521949,235100
FENY,2016-01-04,17.049999,17.209999,16.799999,17.080000,14.513453,192600
FENY,2016-01-05,17.120001,17.150000,16.870001,17.139999,14.564435,94100
FENY,2016-01-06,16.879999,16.879999,16.379999,16.490000,14.012109,377400
FENY,2016-01-07,16.240000,16.510000,16.020000,16.100000,13.680712,430400
FENY,2016-01-08,16.170000,16.190001,15.820000,15.890000,13.502267,253900
FENY,2016-01-11,15.950000,15.950000,15.340000,15.530000,13.196362,202300
FENY,2016-01-12,15.920000,15.920000,15.150000,15.580000,13.238851,193100
FENY,2016-01-13,15.750000,15.850000,15.090000,15.250000,12.958440,247400
FENY,2016-01-14,15.370000,16.040001,15.180000,15.910000,13.519262,181100
FENY,2016-01-15,15.320000,15.570000,15.190000,15.470000,13.145382,305800
FENY,2016-01-19,15.590000,15.610000,14.850000,15.080000,12.813983,279400
FENY,2016-01-20,14.810000,14.860000,14.140000,14.650000,12.448598,358600
FENY,2016-01-21,14.650000,15.270000,14.560000,15.110000,12.839475,196700
FENY,2016-01-22,15.700000,15.890000,15.400000,15.780000,13.408796,233100
FENY,2016-01-25,15.510000,15.840000,15.020000,15.040000,12.779995,261100
FENY,2016-01-26,15.270000,15.620000,15.090000,15.620000,13.272840,141900
FENY,2016-01-27,15.640000,15.950000,15.360000,15.540000,13.204862,184600
FENY,2016-01-28,16.059999,16.200001,15.700000,16.040001,13.629727,149300
FENY,2016-01-29,16.080000,16.469999,15.990000,16.469999,13.995113,157400
FENY,2016-02-01,16.330000,16.330000,15.900000,16.139999,13.714702,257500
FENY,2016-02-02,15.850000,15.850000,15.530000,15.600000,13.255845,147400
FENY,2016-02-03,15.830000,16.200001,15.280000,16.200001,13.765684,205400
FENY,2016-02-04,16.260000,16.510000,16.110001,16.219999,13.782679,141300
FENY,2016-02-05,16.049999,16.049999,15.740000,15.860000,13.476776,101800
FENY,2016-02-08,15.550000,15.910000,15.330000,15.820000,13.442786,135900
FENY,2016-02-09,15.600000,15.720000,15.190000,15.430000,13.111392,182400
FENY,2016-02-10,15.410000,15.720000,15.240000,15.370000,13.060407,123600
FENY,2016-02-11,15.090000,15.400000,14.880000,15.300000,13.000925,210500
FENY,2016-02-12,15.480000,15.740000,15.370000,15.680000,13.323824,187600
FENY,2016-02-16,15.970000,16.000000,15.620000,15.850000,13.468278,146000
FENY,2016-02-17,16.080000,16.410000,15.970000,16.320000,13.867653,236500
FENY,2016-02-18,16.490000,16.500000,16.090000,16.150000,13.723198,161500
FENY,2016-02-19,16.030001,16.100000,15.800000,16.100000,13.680712,73100
FENY,2016-02-22,16.580000,16.590000,16.330000,16.459999,13.986615,163100
FENY,2016-02-23,16.340000,16.389999,15.910000,15.940000,13.544753,149900
FENY,2016-02-24,15.680000,16.120001,15.590000,16.100000,13.680712,133700
FENY,2016-02-25,16.049999,16.139999,15.800000,16.120001,13.697707,113400
FENY,2016-02-26,16.420000,16.450001,16.219999,16.240000,13.799672,108500
FENY,2016-02-29,16.350000,16.360001,16.049999,16.100000,13.680712,115300
FENY,2016-03-01,16.230000,16.469999,16.030001,16.410000,13.944130,207400
FENY,2016-03-02,16.340000,16.850000,16.260000,16.850000,14.318011,206900
FENY,2016-03-03,16.910000,17.150000,16.790001,17.129999,14.555937,157400
FENY,2016-03-04,17.250000,17.549999,17.040001,17.299999,14.700393,181400
FENY,2016-03-07,17.549999,17.730000,17.260000,17.730000,15.065777,286200
FENY,2016-03-08,17.709999,17.709999,16.940001,16.959999,14.411483,375600
FENY,2016-03-09,17.209999,17.440001,16.980000,17.219999,14.632414,123100
FENY,2016-03-10,17.250000,17.250000,16.940001,17.240000,14.649408,106000
FENY,2016-03-11,17.520000,17.719999,17.440001,17.660000,15.006299,173900
FENY,2016-03-14,17.500000,17.610001,17.360001,17.540001,14.904328,103700
FENY,2016-03-15,17.299999,17.490000,17.180000,17.490000,14.861839,71900
FENY,2016-03-16,17.639999,17.840000,17.510000,17.799999,15.125257,189900
FENY,2016-03-17,17.980000,18.219999,17.799999,18.080000,15.363183,133600
FENY,2016-03-18,18.219999,18.219999,17.809999,17.940001,15.357191,213900
FENY,2016-03-21,17.900000,18.010000,17.719999,17.889999,15.314391,233000
FENY,2016-03-22,17.790001,17.969999,17.700001,17.840000,15.271585,59200
FENY,2016-03-23,17.719999,17.770000,17.400000,17.430000,14.920614,149500
FENY,2016-03-24,17.240000,17.510000,17.090000,17.510000,14.989098,253100
FENY,2016-03-28,17.570000,17.570000,17.309999,17.420000,14.912054,79900
FENY,2016-03-29,17.270000,17.530001,17.129999,17.520000,14.997658,116200
FENY,2016-03-30,17.709999,17.740000,17.469999,17.559999,15.031898,122100
FENY,2016-03-31,17.520000,17.719999,17.459999,17.559999,15.031898,80200
FENY,2016-04-01,17.260000,17.370001,17.190001,17.320000,14.826453,146700
FENY,2016-04-04,17.320000,17.450001,17.150000,17.190001,14.715169,86100
FENY,2016-04-05,17.080000,17.180000,17.010000,17.059999,14.603882,76300
FENY,2016-04-06,17.170000,17.450001,17.080000,17.430000,14.920614,103600
FENY,2016-04-07,17.340000,17.469999,17.180000,17.330000,14.835014,68600
FENY,2016-04-08,17.670000,17.760000,17.600000,17.670000,15.126064,102200
FENY,2016-04-11,17.770000,17.850000,17.639999,17.639999,15.100387,281000
FENY,2016-04-12,17.730000,18.270000,17.690001,18.160000,15.545516,201800
FENY,2016-04-13,18.230000,18.299999,18.059999,18.260000,15.631120,192400
FENY,2016-04-14,18.290001,18.320000,18.200001,18.309999,15.673919,98900
FENY,2016-04-15,18.219999,18.219999,18.030001,18.070000,15.468478,90800
FENY,2016-04-18,17.700001,18.379999,17.650000,18.350000,15.708164,676400
FENY,2016-04-19,18.480000,18.750000,18.360001,18.750000,16.050577,351000
FENY,2016-04-20,18.680000,19.049999,18.590000,18.889999,16.170420,681700
FENY,2016-04-21,18.950001,19.020000,18.760000,18.820000,16.110497,204600
FENY,2016-04-22,18.850000,19.139999,18.850000,19.080000,16.333067,128900
FENY,2016-04-25,19.020000,19.059999,18.719999,18.870001,16.153301,429900
FENY,2016-04-26,18.980000,19.139999,18.889999,19.139999,16.384430,89300
FENY,2016-04-27,19.260000,19.530001,19.240000,19.500000,16.692602,335600
FENY,2016-04-28,19.410000,19.559999,19.139999,19.219999,16.452911,256900
FENY,2016-04-29,19.230000,19.469999,18.910000,19.200001,16.435793,150300
FENY,2016-05-02,19.200001,19.230000,18.950001,19.190001,16.427227,306700
FENY,2016-05-03,18.910000,18.980000,18.590000,18.709999,16.016333,793500
FENY,2016-05-04,18.740000,18.860001,18.340000,18.450001,15.793765,138500
FENY,2016-05-05,18.750000,18.840000,18.440001,18.559999,15.887928,94700
FENY,2016-05-06,18.459999,18.740000,18.420000,18.520000,15.853692,66100
FENY,2016-05-09,18.480000,18.480000,18.030001,18.250000,15.622560,660000
FENY,2016-05-10,18.360001,18.610001,18.360001,18.610001,15.930730,229300
FENY,2016-05-11,18.600000,18.799999,18.420000,18.650000,15.964973,138600
FENY,2016-05-12,18.860001,18.950001,18.590000,18.700001,16.007774,131900
FENY,2016-05-13,18.639999,18.709999,18.430000,18.469999,15.810888,158100
FENY,2016-05-16,18.700001,18.830000,18.680000,18.790001,16.084816,103500
FENY,2016-05-17,18.790001,19.020000,18.730000,18.860001,16.144743,298900
FENY,2016-05-18,18.900000,18.920000,18.549999,18.670000,15.982096,104400
FENY,2016-05-19,18.530001,18.690001,18.309999,18.680000,15.990653,100000
FENY,2016-05-20,18.760000,18.809999,18.620001,18.780001,16.076256,57000
FENY,2016-05-23,18.690001,18.809999,18.600000,18.740000,16.042017,56500
FENY,2016-05-24,18.850000,18.900000,18.700001,18.809999,16.101940,84200
FENY,2016-05-25,18.920000,19.160000,18.920000,19.129999,16.375868,183400
FENY,2016-05-26,19.230000,19.290001,19.000000,19.040001,16.298824,121400
FENY,2016-05-27,19.030001,19.070000,18.889999,19.070000,16.324505,73900
FENY,2016-05-31,19.120001,19.250000,18.889999,19.000000,16.264584,259900
FENY,2016-06-01,18.799999,19.049999,18.719999,19.030001,16.290266,117600
FENY,2016-06-02,18.860001,18.959999,18.750000,18.959999,16.230337,86500
FENY,2016-06-03,18.980000,19.049999,18.799999,18.910000,16.187542,71700
FENY,2016-06-06,19.100000,19.350000,19.030001,19.350000,16.564194,104300
FENY,2016-06-07,19.469999,19.809999,19.389999,19.750000,16.906609,144900
FENY,2016-06-08,19.910000,19.969999,19.680000,19.730000,16.889484,182000
FENY,2016-06-09,19.549999,19.680000,19.459999,19.620001,16.795326,98900
FENY,2016-06-10,19.410000,19.510000,19.150000,19.190001,16.427227,176700
FENY,2016-06-13,19.090000,19.340000,19.020000,19.110001,16.358747,134300
FENY,2016-06-14,19.030001,19.160000,18.860001,19.090000,16.341627,173800
FENY,2016-06-15,19.000000,19.270000,18.920000,19.049999,16.307383,74000
FENY,2016-06-16,18.850000,19.000000,18.580000,18.959999,16.230337,358600
FENY,2016-06-17,19.000000,19.070000,18.930000,19.020000,16.386282,293900
FENY,2016-06-20,19.260000,19.330000,19.190001,19.200001,16.541357,186600
FENY,2016-06-21,19.139999,19.430000,19.100000,19.400000,16.713659,96600
FENY,2016-06-22,19.480000,19.480000,19.270000,19.280001,16.610283,179900
FENY,2016-06-23,19.480000,19.629999,19.379999,19.629999,16.911816,116700
FENY,2016-06-24,18.959999,19.190001,18.840000,18.910000,16.291513,314000
FENY,2016-06-27,18.700001,18.700001,18.219999,18.360001,15.817671,285700
FENY,2016-06-28,18.709999,18.870001,18.600000,18.870001,16.257051,136200
FENY,2016-06-29,19.049999,19.360001,19.030001,19.250000,16.584431,352100
FENY,2016-06-30,19.190001,19.410000,19.129999,19.400000,16.713659,164500
FENY,2016-07-01,19.389999,19.580000,19.389999,19.549999,16.842890,186300
FENY,2016-07-05,19.260000,19.309999,18.910000,19.120001,16.472437,323400
FENY,2016-07-06,19.080000,19.219999,18.889999,19.219999,16.558586,170300
FENY,2016-07-07,19.350000,19.430000,18.870001,19.010000,16.377665,280600
FENY,2016-07-08,19.190001,19.299999,19.080000,19.260000,16.593046,164200
FENY,2016-07-11,19.389999,19.440001,19.270000,19.270000,16.601664,179100
FENY,2016-07-12,19.510000,19.850000,19.510000,19.770000,17.032425,905300
FENY,2016-07-13,19.760000,19.820000,19.410000,19.590000,16.877352,354500
FENY,2016-07-14,19.719999,19.770000,19.629999,19.680000,16.954891,166500
FENY,2016-07-15,19.719999,19.820000,19.610001,19.680000,16.954891,72100
FENY,2016-07-18,19.600000,19.680000,19.490000,19.660000,16.937656,91400
FENY,2016-07-19,19.670000,19.670000,19.500000,19.559999,16.851505,76900
FENY,2016-07-20,19.520000,19.620001,19.320000,19.540001,16.834276,176900
FENY,2016-07-21,19.520000,19.650000,19.299999,19.340000,16.661970,95300
FENY,2016-07-22,19.420000,19.459999,19.290001,19.389999,16.705048,84900
FENY,2016-07-25,19.299999,19.299999,18.940001,19.000000,16.369049,236000
FENY,2016-07-26,18.920000,19.100000,18.730000,19.090000,16.446587,144900
FENY,2016-07-27,19.090000,19.250000,18.830000,18.889999,16.274281,127300
FENY,2016-07-28,18.889999,18.940001,18.730000,18.850000,16.239819,102900
FENY,2016-07-29,18.639999,19.030001,18.540001,19.010000,16.377665,141500
FENY,2016-08-01,18.879999,18.879999,18.309999,18.370001,15.826286,618500
FENY,2016-08-02,18.480000,18.650000,18.200001,18.520000,15.955518,357000
FENY,2016-08-03,18.510000,18.889999,18.480000,18.889999,16.274281,193500
FENY,2016-08-04,18.760000,19.010000,18.760000,18.879999,16.265669,81300
FENY,2016-08-05,18.900000,19.070000,18.860001,19.040001,16.403511,142300
FENY,2016-08-08,19.200001,19.440001,19.200001,19.320000,16.644737,252000
FENY,2016-08-09,19.379999,19.379999,19.139999,19.219999,16.558586,147200
FENY,2016-08-10,19.280001,19.280001,18.950001,18.969999,16.343201,90900
FENY,2016-08-11,19.040001,19.340000,19.010000,19.250000,16.584431,199100
FENY,2016-08-12,19.320000,19.420000,19.280001,19.350000,16.670584,77300
FENY,2016-08-15,19.500000,19.570000,19.430000,19.530001,16.825659,160300
FENY,2016-08-16,19.469999,19.620001,19.389999,19.559999,16.851505,128500
FENY,2016-08-17,19.530001,19.620001,19.430000,19.620001,16.903200,125300
FENY,2016-08-18,19.700001,19.969999,19.700001,19.969999,17.204733,127300
FENY,2016-08-19,19.990000,19.990000,19.740000,19.830000,17.084116,82300
FENY,2016-08-22,19.730000,19.730000,19.500000,19.620001,16.903200,91300
FENY,2016-08-23,19.610001,19.770000,19.610001,19.709999,16.980732,73400
FENY,2016-08-24,19.650000,19.750000,19.580000,19.629999,16.911816,97000
FENY,2016-08-25,19.639999,19.670000,19.530001,19.590000,16.877352,49100
FENY,2016-08-26,19.660000,19.790001,19.469999,19.549999,16.842890,78700
FENY,2016-08-29,19.500000,19.690001,19.480000,19.670000,16.946276,62300
FENY,2016-08-30,19.740000,19.799999,19.540001,19.610001,16.894585,55500
FENY,2016-08-31,19.510000,19.610001,19.209999,19.320000,16.644737,123300
FENY,2016-09-01,19.270000,19.280001,19.100000,19.280001,16.610283,130200
FENY,2016-09-02,19.389999,19.520000,19.370001,19.469999,16.773966,80700
FENY,2016-09-06,19.500000,19.760000,19.500000,19.750000,17.015198,118000
FENY,2016-09-07,19.870001,19.879999,19.730000,19.830000,17.084116,122600
FENY,2016-09-08,19.930000,20.209999,19.840000,20.190001,17.394268,113200
FENY,2016-09-09,20.049999,20.049999,19.600000,19.600000,16.885967,166500
FENY,2016-09-12,19.480000,19.850000,19.430000,19.770000,17.032425,123100
FENY,2016-09-13,19.520000,19.520000,19.120001,19.180000,16.524124,136100
FENY,2016-09-14,19.139999,19.350000,18.889999,18.940001,16.317360,107100
FENY,2016-09-15,18.980000,19.280001,18.969999,19.139999,16.489664,74900
FENY,2016-09-16,18.879999,18.930000,18.780001,18.879999,16.371735,76900
FENY,2016-09-19,19.049999,19.070000,18.860001,18.860001,16.354391,94500
FENY,2016-09-20,18.860001,18.930000,18.700001,18.700001,16.215647,264400
FENY,2016-09-21,18.889999,19.129999,18.840000,19.120001,16.579851,189400
FENY,2016-09-22,19.290001,19.389999,19.170000,19.180000,16.631874,136300
FENY,2016-09-23,19.070000,19.250000,18.820000,18.920000,16.406418,136900
FENY,2016-09-26,18.900000,19.080000,18.820000,18.840000,16.337042,211600
FENY,2016-09-27,18.700001,18.750000,18.500000,18.709999,16.224318,174600
FENY,2016-09-28,18.780001,19.590000,18.670000,19.559999,16.961391,278200
FENY,2016-09-29,19.530001,19.770000,19.389999,19.580000,16.978731,172900
FENY,2016-09-30,19.690001,19.930000,19.600000,19.830000,17.195518,157800
FENY,2016-10-03,19.900000,19.920000,19.650000,19.790001,17.160833,192300
FENY,2016-10-04,19.840000,19.860001,19.540001,19.610001,17.004751,79300
FENY,2016-10-05,19.799999,19.990000,19.799999,19.910000,17.264893,119200
FENY,2016-10-06,20.000000,20.040001,19.790001,19.950001,17.299578,67300
FENY,2016-10-07,20.010000,20.020000,19.790001,19.850000,17.212864,83700
FENY,2016-10-10,20.010000,20.250000,20.010000,20.180000,17.499023,108700
FENY,2016-10-11,20.150000,20.150000,19.840000,19.940001,17.290907,80900
FENY,2016-10-12,19.889999,19.920000,19.700001,19.830000,17.195518,178300
FENY,2016-10-13,19.680000,19.820000,19.480000,19.709999,17.091461,123600
FENY,2016-10-14,19.840000,19.900000,19.610001,19.629999,17.022095,331100
FENY,2016-10-17,19.620001,19.700001,19.440001,19.520000,16.926706,139400
FENY,2016-10-18,19.750000,19.750000,19.530001,19.610001,17.004751,94400
FENY,2016-10-19,19.780001,20.030001,19.770000,19.879999,17.238876,168900
FENY,2016-10-20,19.809999,19.920000,19.660000,19.860001,17.221539,112600
FENY,2016-10-21,19.730000,19.760000,19.629999,19.740000,17.117477,91800
FENY,2016-10-24,19.790001,19.809999,19.450001,19.670000,17.056780,135200
FENY,2016-10-25,19.629999,19.860001,19.520000,19.530001,16.935377,183100
FENY,2016-10-26,19.389999,19.629999,19.330000,19.570000,16.970064,86500
FENY,2016-10-27,19.650000,19.680000,19.490000,19.490000,16.900692,77300
FENY,2016-10-28,19.490000,19.700001,19.280001,19.379999,16.805304,105200
FENY,2016-10-31,19.299999,19.379999,19.100000,19.120001,16.579851,134200
FENY,2016-11-01,19.240000,19.309999,18.930000,19.139999,16.597189,317100
FENY,2016-11-02,18.959999,19.020000,18.719999,18.940001,16.423761,304900
FENY,2016-11-03,18.920000,19.030001,18.870001,19.000000,16.475790,64300
FENY,2016-11-04,18.900000,19.080000,18.799999,18.900000,16.389074,111900
FENY,2016-11-07,19.170000,19.320000,19.160000,19.320000,16.753275,168400
FENY,2016-11-08,19.250000,19.459999,19.190001,19.330000,16.761948,98700
FENY,2016-11-09,19.299999,19.830000,19.250000,19.719999,17.100132,311700
FENY,2016-11-10,19.730000,19.930000,19.650000,19.780001,17.152161,298400
FENY,2016-11-11,19.670000,19.670000,19.290001,19.459999,16.874678,150100
FENY,2016-11-14,19.430000,19.559999,19.260000,19.549999,16.952721,192600
FENY,2016-11-15,19.750000,20.110001,19.709999,20.090000,17.420979,566800
FENY,2016-11-16,20.049999,20.170000,19.900000,19.940001,17.290907,182300
FENY,2016-11-17,20.139999,20.250000,19.799999,19.840000,17.204191,271400
FENY,2016-11-18,19.940001,20.030001,19.820000,19.920000,17.273565,182800
FENY,2016-11-21,20.240000,20.420000,20.160000,20.400000,17.689796,402400
FENY,2016-11-22,20.400000,20.500000,20.170000,20.410000,17.698465,440100
FENY,2016-11-23,20.350000,20.540001,20.120001,20.490000,17.767836,186800
FENY,2016-11-25,20.490000,20.490000,20.280001,20.400000,17.689796,92400
FENY,2016-11-28,20.450001,20.480000,20.070000,20.090000,17.420979,191700
FENY,2016-11-29,19.830000,19.950001,19.629999,19.840000,17.204191,425900
FENY,2016-11-30,20.549999,21.080000,20.530001,20.950001,18.166725,406400
FENY,2016-12-01,21.350000,21.360001,20.959999,21.000000,18.210083,374600
FENY,2016-12-02,21.010000,21.120001,20.889999,21.020000,18.227430,236800
FENY,2016-12-05,21.280001,21.350000,21.129999,21.200001,18.383514,266600
FENY,2016-12-06,21.080000,21.240000,20.950001,21.200001,18.383514,239600
FENY,2016-12-07,21.219999,21.340000,21.120001,21.320000,18.487574,340200
FENY,2016-12-08,21.400000,21.469999,21.209999,21.440001,18.591627,207000
FENY,2016-12-09,21.559999,21.559999,21.400000,21.520000,18.660997,208400
FENY,2016-12-12,22.120001,22.120001,21.580000,21.650000,18.773727,393400
FENY,2016-12-13,21.879999,22.059999,21.610001,21.910000,18.999187,467600
FENY,2016-12-14,21.809999,21.840000,21.360001,21.410000,18.565613,316600
FENY,2016-12-15,21.320000,21.549999,21.200001,21.490000,18.634983,248800
FENY,2016-12-16,21.559999,21.559999,21.400000,21.500000,18.737827,234800
FENY,2016-12-19,21.530001,21.530001,21.360001,21.410000,18.659386,203100
FENY,2016-12-20,21.500000,21.549999,21.330000,21.379999,18.633242,143100
FENY,2016-12-21,21.440001,21.500000,21.350000,21.410000,18.659386,203700
FENY,2016-12-22,21.420000,21.530001,21.379999,21.500000,18.737827,122900
FENY,2016-12-23,21.510000,21.520000,21.420000,21.469999,18.711679,196600
FENY,2016-12-27,21.530001,21.590000,21.490000,21.520000,18.755255,118000
FENY,2016-12-28,21.580000,21.580000,21.290001,21.309999,18.572233,170300
FENY,2016-12-29,21.290001,21.320000,21.190001,21.240000,18.511229,158300
FENY,2016-12-30,21.200001,21.360001,21.129999,21.180000,18.458935,205900
FENY,2017-01-03,21.480000,21.629999,21.219999,21.459999,18.702965,784800
FENY,2017-01-04,21.500000,21.500000,21.350000,21.450001,18.694250,240000
FENY,2017-01-05,21.450001,21.540001,21.270000,21.370001,18.624527,235300
FENY,2017-01-06,21.469999,21.469999,21.240000,21.389999,18.641956,149100
FENY,2017-01-09,21.340000,21.340000,21.030001,21.040001,18.336922,303400
FENY,2017-01-10,21.070000,21.080000,20.850000,20.850000,18.171335,451100
FENY,2017-01-11,20.920000,21.110001,20.850000,21.090000,18.380499,113500
FENY,2017-01-12,21.190001,21.200001,20.920000,21.000000,18.302061,116400
FENY,2017-01-13,20.959999,21.010000,20.900000,20.930000,18.241056,118900
FENY,2017-01-17,21.000000,21.120001,20.990000,21.049999,18.345636,140600
FENY,2017-01-18,21.000000,21.059999,20.920000,21.000000,18.302061,118000
FENY,2017-01-19,20.990000,20.990000,20.809999,20.840000,18.162617,201800
FENY,2017-01-20,21.020000,21.070000,20.889999,20.969999,18.275915,181700
FENY,2017-01-23,20.889999,20.889999,20.629999,20.709999,18.049318,258700
FENY,2017-01-24,20.820000,21.040001,20.770000,20.950001,18.258486,328600
FENY,2017-01-25,21.000000,21.150000,20.969999,21.090000,18.380499,351100
FENY,2017-01-26,21.170000,21.190001,21.049999,21.080000,18.371784,204900
FENY,2017-01-27,21.000000,21.000000,20.799999,20.870001,18.188765,216600
FENY,2017-01-30,20.799999,20.799999,20.340000,20.480000,17.848866,366300
FENY,2017-01-31,20.490000,20.490000,20.280001,20.480000,17.848866,180500
FENY,2017-02-01,20.600000,20.610001,20.190001,20.330000,17.718140,410100
FENY,2017-02-02,20.370001,20.480000,20.200001,20.440001,17.814005,364100
FENY,2017-02-03,20.469999,20.719999,20.430000,20.639999,17.988310,223900
FENY,2017-02-06,20.690001,20.700001,20.389999,20.450001,17.822723,224100
FENY,2017-02-07,20.400000,20.430000,20.040001,20.139999,17.552547,328300
FENY,2017-02-08,20.059999,20.209999,19.820000,20.170000,17.578695,337800
FENY,2017-02-09,20.260000,20.400000,20.260000,20.350000,17.735569,188900
FENY,2017-02-10,20.520000,20.629999,20.469999,20.540001,17.901159,277600
FENY,2017-02-13,20.530001,20.559999,20.440001,20.549999,17.909874,269800
FENY,2017-02-14,20.590000,20.639999,20.389999,20.639999,17.988310,171000
FENY,2017-02-15,20.530001,20.660000,20.480000,20.530001,17.892443,288400
FENY,2017-02-16,20.549999,20.590000,20.240000,20.250000,17.648415,283300
FENY,2017-02-17,20.129999,20.200001,20.080000,20.129999,17.543829,279100
FENY,2017-02-21,20.290001,20.379999,20.250000,20.270000,17.665844,397300
FENY,2017-02-22,20.209999,20.230000,19.950001,19.959999,17.395676,220600
FENY,2017-02-23,20.170000,20.209999,19.920000,20.020000,17.447968,204200
FENY,2017-02-24,19.910000,19.959999,19.750000,19.840000,17.291088,236900
FENY,2017-02-27,19.889999,20.090000,19.830000,20.030001,17.456682,219700
FENY,2017-02-28,19.969999,20.040001,19.889999,19.940001,17.378244,454800
FENY,2017-03-01,20.100000,20.430000,20.100000,20.370001,17.753002,228200
FENY,2017-03-02,20.280001,20.379999,20.150000,20.160000,17.569979,183700
FENY,2017-03-03,20.200001,20.260000,20.059999,20.090000,17.508968,115300
FENY,2017-03-06,20.049999,20.160000,20.000000,20.150000,17.561262,175700
FENY,2017-03-07,20.209999,20.209999,19.950001,19.980000,17.413109,164000
FENY,2017-03-08,19.870001,19.969999,19.410000,19.410000,16.916334,289600
FENY,2017-03-09,19.309999,19.540001,19.209999,19.510000,17.003485,328200
FENY,2017-03-10,19.639999,19.660000,19.389999,19.510000,17.003485,258700
FENY,2017-03-13,19.510000,19.620001,19.450001,19.530001,17.020916,220100
FENY,2017-03-14,19.379999,19.379999,19.110001,19.299999,16.820465,358900
FENY,2017-03-15,19.430000,19.760000,19.379999,19.709999,17.177788,173900
FENY,2017-03-16,19.760000,19.760000,19.549999,19.610001,17.090641,643600
FENY,2017-03-17,19.520000,19.600000,19.450001,19.459999,17.065207,219400
FENY,2017-03-20,19.400000,19.459999,19.270000,19.430000,17.038900,374000
FENY,2017-03-21,19.480000,19.510000,19.219999,19.270000,16.898586,221800
FENY,2017-03-22,19.180000,19.309999,19.120001,19.230000,16.863510,237900
FENY,2017-03-23,19.200001,19.320000,19.129999,19.180000,16.819666,166800
FENY,2017-03-24,19.230000,19.250000,19.070000,19.120001,16.767054,188300
FENY,2017-03-27,18.920000,19.080000,18.900000,19.030001,16.688128,187100
FENY,2017-03-28,19.049999,19.350000,19.010000,19.290001,16.916128,913800
FENY,2017-03-29,19.290001,19.600000,19.290001,19.590000,17.179209,180900
FENY,2017-03-30,19.700001,19.760000,19.549999,19.629999,17.214287,350400
FENY,2017-03-31,19.620001,19.690001,19.500000,19.629999,17.214287,160700
FENY,2017-04-03,19.650000,19.660000,19.360001,19.580000,17.170443,186500
FENY,2017-04-04,19.559999,19.709999,19.420000,19.700001,17.275673,155000
FENY,2017-04-05,19.920000,20.049999,19.590000,19.620001,17.205521,273100
FENY,2017-04-06,19.680000,19.820000,19.680000,19.760000,17.328289,132000
FENY,2017-04-07,19.820000,19.830000,19.670000,19.709999,17.284443,122200
FENY,2017-04-10,19.780001,19.950001,19.780001,19.860001,17.415987,122800
FENY,2017-04-11,19.900000,19.900000,19.660000,19.850000,17.407213,131400
FENY,2017-04-12,19.850000,20.000000,19.700001,19.750000,17.319519,143700
FENY,2017-04-13,19.719999,19.719999,19.330000,19.379999,16.995052,172400
FENY,2017-04-17,19.379999,19.430000,19.309999,19.389999,17.003820,110300
FENY,2017-04-18,19.320000,19.450001,19.180000,19.240000,16.872280,116300
FENY,2017-04-19,19.309999,19.309999,18.870001,18.910000,16.582895,245700
FENY,2017-04-20,18.990000,19.129999,18.959999,19.000000,16.661816,169000
FENY,2017-04-21,18.920000,19.000000,18.809999,18.910000,16.582895,156900
FENY,2017-04-24,19.070000,19.100000,18.959999,19.030001,16.688128,238700
FENY,2017-04-25,19.049999,19.250000,19.030001,19.209999,16.845978,586700
FENY,2017-04-26,19.100000,19.420000,19.070000,19.170000,16.810896,213800
FENY,2017-04-27,19.040001,19.040001,18.719999,18.930000,16.600431,286400
FENY,2017-04-28,19.070000,19.100000,18.910000,18.930000,16.600431,185500
FENY,2017-05-01,18.930000,18.959999,18.830000,18.889999,16.565357,145000
FENY,2017-05-02,18.930000,18.980000,18.680000,18.760000,16.451353,272000
FENY,2017-05-03,18.719999,18.900000,18.680000,18.830000,16.512739,129600
FENY,2017-05-04,18.719999,18.719999,18.320000,18.440001,16.170732,384700
FENY,2017-05-05,18.440001,18.790001,18.400000,18.760000,16.451353,453800
FENY,2017-05-08,18.790001,18.930000,18.740000,18.920000,16.591660,119400
FENY,2017-05-09,18.940001,18.959999,18.690001,18.750000,16.442583,170300
FENY,2017-05-10,18.860001,19.080000,18.850000,19.000000,16.661816,141800
FENY,2017-05-11,19.070000,19.100000,18.930000,18.969999,16.635511,121000
FENY,2017-05-12,18.980000,19.000000,18.850000,18.889999,16.565357,99100
FENY,2017-05-15,19.170000,19.209999,19.000000,19.049999,16.705666,130600
FENY,2017-05-16,19.100000,19.120001,18.900000,18.959999,16.626738,143400
FENY,2017-05-17,18.879999,18.969999,18.760000,18.770000,16.460121,131700
FENY,2017-05-18,18.650000,18.840000,18.580000,18.730000,16.425045,121100
FENY,2017-05-19,18.840000,19.049999,18.830000,19.020000,16.679358,164400
FENY,2017-05-22,19.100000,19.100000,18.900000,18.980000,16.644278,183300
FENY,2017-05-23,18.990000,19.020000,18.900000,18.980000,16.644278,89800
FENY,2017-05-24,18.980000,19.030001,18.809999,18.900000,16.574121,78000
FENY,2017-05-25,18.840000,19.040001,18.459999,18.510000,16.232119,250600
FENY,2017-05-26,18.510000,18.559999,18.430000,18.530001,16.249657,169200
FENY,2017-05-30,18.420000,18.450001,18.260000,18.260000,16.012882,611900
FENY,2017-05-31,18.180000,18.219999,18.080000,18.200001,15.960266,222500
FENY,2017-06-01,18.230000,18.379999,18.139999,18.299999,16.047962,121200
FENY,2017-06-02,18.230000,18.230000,18.010000,18.080000,15.855033,282500
FENY,2017-06-05,18.010000,18.170000,18.010000,18.100000,15.872574,150300
FENY,2017-06-06,18.080000,18.370001,18.049999,18.350000,16.091806,114300
FENY,2017-06-07,18.280001,18.340000,17.920000,18.020000,15.802417,271000
FENY,2017-06-08,17.940001,18.100000,17.930000,17.959999,15.749801,186700
FENY,2017-06-09,18.000000,18.469999,18.000000,18.400000,16.135656,214300
FENY,2017-06-12,18.559999,18.740000,18.500000,18.549999,16.267195,142600
FENY,2017-06-13,18.549999,18.730000,18.540001,18.700001,16.398739,283500
FENY,2017-06-14,18.660000,18.660000,18.200001,18.309999,16.056728,182900
FENY,2017-06-15,18.209999,18.309999,18.059999,18.100000,15.872574,250600
FENY,2017-06-16,18.100000,18.290001,17.990000,18.290001,16.149828,126800
FENY,2017-06-19,18.270000,18.290001,18.150000,18.170000,16.043873,133800
FENY,2017-06-20,17.980000,18.000000,17.740000,17.959999,15.858446,240600
FENY,2017-06-21,17.920000,18.000000,17.549999,17.629999,15.567060,563200
FENY,2017-06-22,17.670000,17.780001,17.580000,17.610001,15.549401,134600
FENY,2017-06-23,17.639999,17.799999,17.610001,17.799999,15.717165,202200
FENY,2017-06-26,17.850000,17.889999,17.680000,17.760000,15.681847,135600
FENY,2017-06-27,17.809999,17.920000,17.740000,17.740000,15.664188,76700
FENY,2017-06-28,17.760000,17.969999,17.760000,17.850000,15.761316,94000
FENY,2017-06-29,17.900000,18.090000,17.860001,17.879999,15.787802,181700
FENY,2017-06-30,18.000000,18.070000,17.860001,17.980000,15.876105,135900
FENY,2017-07-03,18.010000,18.410000,18.010000,18.309999,16.167490,144600
FENY,2017-07-05,18.270000,18.280001,17.879999,17.950001,15.849615,178700
FENY,2017-07-06,18.000000,18.010000,17.680000,17.709999,15.637701,230600
FENY,2017-07-07,17.670000,17.700001,17.480000,17.680000,15.611209,170800
FENY,2017-07-10,17.650000,17.809999,17.610001,17.760000,15.681847,140100
FENY,2017-07-11,17.780001,17.930000,17.680000,17.879999,15.787802,115500
FENY,2017-07-12,18.030001,18.110001,17.850000,17.900000,15.805467,228700
FENY,2017-07-13,17.910000,18.020000,17.840000,18.000000,15.893766,71900
FENY,2017-07-14,18.030001,18.150000,17.990000,18.100000,15.982063,106800
FENY,2017-07-17,18.090000,18.230000,18.080000,18.100000,15.982063,139800
FENY,2017-07-18,18.190001,18.190001,17.920000,18.020000,15.911427,104400
FENY,2017-07-19,18.010000,18.299999,18.000000,18.290001,16.149828,225900
FENY,2017-07-20,18.400000,18.450001,18.190001,18.209999,16.079191,103100
FENY,2017-07-21,18.160000,18.160000,17.990000,18.020000,15.911427,75600
FENY,2017-07-24,18.070000,18.070000,17.940001,17.959999,15.858446,160800
FENY,2017-07-25,18.129999,18.350000,18.129999,18.230000,16.096853,149800
FENY,2017-07-26,18.309999,18.450001,18.170000,18.250000,16.114511,147500
FENY,2017-07-27,18.270000,18.420000,18.160000,18.420000,16.264618,102800
FENY,2017-07-28,18.340000,18.559999,18.309999,18.379999,16.229300,139100
FENY,2017-07-31,18.400000,18.500000,18.299999,18.410000,16.255789,135800
FENY,2017-08-01,18.410000,18.490000,18.309999,18.389999,16.238129,111400
FENY,2017-08-02,18.290001,18.370001,18.120001,18.299999,16.158661,171900
FENY,2017-08-03,18.270000,18.270000,17.980000,18.020000,15.911427,193500
FENY,2017-08-04,18.049999,18.170000,18.020000,18.150000,16.026211,110000
FENY,2017-08-07,18.080000,18.080000,17.920000,17.969999,15.867274,164300
FENY,2017-08-08,17.910000,18.080000,17.870001,17.889999,15.796636,206600
FENY,2017-08-09,17.950001,18.030001,17.850000,17.910000,15.814295,153300
FENY,2017-08-10,17.940001,17.980000,17.700001,17.730000,15.655360,134700
FENY,2017-08-11,17.670000,17.740000,17.549999,17.629999,15.567060,148300
FENY,2017-08-14,17.650000,17.719999,17.530001,17.530001,15.478761,332500
FENY,2017-08-15,17.520000,17.549999,17.379999,17.480000,15.434610,180000
FENY,2017-08-16,17.480000,17.510000,17.270000,17.290001,15.266846,237800
FENY,2017-08-17,17.250000,17.309999,17.049999,17.049999,15.054927,203600
FENY,2017-08-18,17.030001,17.270000,17.010000,17.170000,15.160886,410100
FENY,2017-08-21,17.139999,17.139999,17.010000,17.049999,15.054927,117100
FENY,2017-08-22,17.090000,17.209999,17.090000,17.190001,15.178548,154700
FENY,2017-08-23,17.160000,17.340000,17.129999,17.280001,15.258014,127800
FENY,2017-08-24,17.240000,17.309999,17.200001,17.280001,15.258014,163800
FENY,2017-08-25,17.299999,17.410000,17.299999,17.370001,15.337482,86700
FENY,2017-08-28,17.360001,17.410000,17.180000,17.260000,15.240355,90800
FENY,2017-08-29,17.200001,17.290001,17.120001,17.250000,15.231522,121500
FENY,2017-08-30,17.209999,17.309999,17.150000,17.270000,15.249185,203600
FENY,2017-08-31,17.350000,17.410000,17.290001,17.389999,15.355143,94400
FENY,2017-09-01,17.410000,17.590000,17.360001,17.559999,15.505253,120300
FENY,2017-09-05,17.629999,17.730000,17.530001,17.650000,15.584717,154200
FENY,2017-09-06,17.730000,17.980000,17.719999,17.920000,15.823125,118400
FENY,2017-09-07,17.950001,17.990000,17.830000,17.950001,15.849615,129000
FENY,2017-09-08,17.900000,17.900000,17.650000,17.740000,15.664188,166300
FENY,2017-09-11,17.809999,17.930000,17.760000,17.900000,15.805467,120000
FENY,2017-09-12,17.950001,18.090000,17.910000,18.020000,15.911427,146000
FENY,2017-09-13,18.059999,18.299999,18.059999,18.290001,16.149828,186500
FENY,2017-09-14,18.340000,18.510000,18.320000,18.370001,16.220470,212200
FENY,2017-09-15,18.190001,18.190001,18.070000,18.190001,16.252634,108200
FENY,2017-09-18,18.170000,18.290001,18.160000,18.270000,16.324116,102700
FENY,2017-09-19,18.309999,18.379999,18.280001,18.360001,16.404531,186400
FENY,2017-09-20,18.420000,18.549999,18.410000,18.510000,16.538555,184100
FENY,2017-09-21,18.500000,18.530001,18.410000,18.480000,16.511749,102500
FENY,2017-09-22,18.440001,18.620001,18.440001,18.559999,16.583225,470000
FENY,2017-09-25,18.629999,18.900000,18.629999,18.860001,16.851280,371300
FENY,2017-09-26,18.830000,18.879999,18.770000,18.860001,16.851280,140700
FENY,2017-09-27,18.860001,18.930000,18.750000,18.920000,16.904884,150000
FENY,2017-09-28,18.950001,19.080000,18.889999,18.959999,16.940622,206700
FENY,2017-09-29,18.910000,18.950001,18.830000,18.950001,16.931692,163700
FENY,2017-10-02,18.840000,18.959999,18.690001,18.959999,16.940622,351100
FENY,2017-10-03,18.920000,18.980000,18.879999,18.940001,16.922758,140400
FENY,2017-10-04,18.940001,18.990000,18.850000,18.900000,16.887016,184500
FENY,2017-10-05,18.910000,19.020000,18.910000,18.990000,16.967428,141600
FENY,2017-10-06,18.820000,18.900000,18.750000,18.799999,16.797668,141500
FENY,2017-10-09,18.830000,18.900000,18.830000,18.850000,16.842342,81900
FENY,2017-10-10,18.980000,19.049999,18.850000,18.870001,16.860216,210700
FENY,2017-10-11,18.860001,18.930000,18.780001,18.920000,16.904884,115900
FENY,2017-10-12,18.820000,18.870001,18.750000,18.850000,16.842342,79600
FENY,2017-10-13,18.940001,19.010000,18.820000,18.820000,16.815535,65300
FENY,2017-10-16,18.940001,18.990000,18.840000,18.860001,16.851280,163100
FENY,2017-10-17,18.860001,18.920000,18.780001,18.870001,16.860216,74200
FENY,2017-10-18,18.850000,18.940001,18.719999,18.740000,16.744057,213400
FENY,2017-10-19,18.639999,18.750000,18.530001,18.660000,16.672577,100100
FENY,2017-10-20,18.680000,18.700001,18.590000,18.690001,16.699381,100200
FENY,2017-10-23,18.709999,18.760000,18.549999,18.549999,16.574293,139200
FENY,2017-10-24,18.620001,18.680000,18.549999,18.580000,16.601099,99300
FENY,2017-10-25,18.549999,18.600000,18.400000,18.450001,16.484945,181300
FENY,2017-10-26,18.480000,18.530001,18.370001,18.500000,16.529621,97600
FENY,2017-10-27,18.370001,18.650000,18.270000,18.570000,16.592163,118100
FENY,2017-10-30,18.370001,18.750000,18.370001,18.660000,16.672577,103600
FENY,2017-10-31,18.680000,18.840000,18.620001,18.770000,16.770866,1650400
FENY,2017-11-01,18.889999,19.090000,18.879999,19.010000,16.985302,211900
FENY,2017-11-02,19.000000,19.059999,18.840000,18.950001,16.931692,106100
FENY,2017-11-03,18.959999,19.090000,18.940001,19.030001,17.003168,184200
FENY,2017-11-06,19.080000,19.490000,19.080000,19.480000,17.405241,322800
FENY,2017-11-07,19.500000,19.510000,19.360001,19.440001,17.369505,169000
FENY,2017-11-08,19.400000,19.450001,19.240000,19.340000,17.280155,212100
FENY,2017-11-09,19.280001,19.450001,19.139999,19.420000,17.351633,229500
FENY,2017-11-10,19.410000,19.410000,19.200001,19.330000,17.271217,127000
FENY,2017-11-13,19.240000,19.340000,19.180000,19.200001,17.155064,271100
FENY,2017-11-14,19.120001,19.120001,18.840000,18.850000,16.842342,160100
FENY,2017-11-15,18.700001,18.719999,18.559999,18.639999,16.654707,142400
FENY,2017-11-16,18.639999,18.650000,18.520000,18.570000,16.592163,140100
FENY,2017-11-17,18.610001,18.730000,18.590000,18.670000,16.681515,105100
FENY,2017-11-20,18.650000,18.680000,18.540001,18.650000,16.663643,114100
FENY,2017-11-21,18.719999,18.799999,18.650000,18.680000,16.690449,106900
FENY,2017-11-22,18.809999,18.850000,18.760000,18.799999,16.797668,135100
FENY,2017-11-24,18.879999,18.900000,18.840000,18.840000,16.833410,33000
FENY,2017-11-27,18.799999,18.799999,18.610001,18.629999,16.645771,189300
FENY,2017-11-28,18.670000,18.790001,18.639999,18.760000,16.761929,86500
FENY,2017-11-29,18.770000,18.889999,18.709999,18.860001,16.851280,160700
FENY,2017-11-30,18.930000,19.200001,18.930000,19.170000,17.128260,167200
FENY,2017-12-01,19.280001,19.490000,19.150000,19.370001,17.306959,311700
FENY,2017-12-04,19.360001,19.629999,19.309999,19.309999,17.253347,292600
FENY,2017-12-05,19.309999,19.370001,19.200001,19.230000,17.181870,146600
FENY,2017-12-06,19.160000,19.170000,18.900000,18.940001,16.922758,224300
FENY,2017-12-07,18.950001,19.040001,18.920000,19.030001,17.003168,196200
FENY,2017-12-08,19.100000,19.200001,19.030001,19.170000,17.128260,139700
FENY,2017-12-11,19.240000,19.430000,19.230000,19.350000,17.289089,142600
FENY,2017-12-12,19.400000,19.420000,19.250000,19.280001,17.226545,190100
FENY,2017-12-13,19.299999,19.309999,19.180000,19.260000,17.208673,327200
FENY,2017-12-14,19.200001,19.330000,19.160000,19.160000,17.119326,166300
FENY,2017-12-15,19.120001,19.150000,19.000000,19.000000,17.090540,148500
FENY,2017-12-18,19.129999,19.270000,19.080000,19.190001,17.261448,614500
FENY,2017-12-19,19.250000,19.320000,19.170000,19.190001,17.261448,168100
FENY,2017-12-20,19.280001,19.500000,19.200001,19.480000,17.522301,245700
FENY,2017-12-21,19.490000,19.959999,19.480000,19.910000,17.909086,393600
FENY,2017-12-22,19.889999,20.040001,19.840000,19.959999,17.954062,241300
FENY,2017-12-26,20.010000,20.190001,19.980000,20.170000,18.142960,453000
FENY,2017-12-27,20.170000,20.170000,20.049999,20.090000,18.070999,263700
FENY,2017-12-28,20.100000,20.129999,20.049999,20.110001,18.088989,468900
FENY,2017-12-29,20.160000,20.160000,20.020000,20.049999,18.035017,280800
FENY,2018-01-02,20.139999,20.420000,20.100000,20.389999,18.340847,457400
FENY,2018-01-03,20.469999,20.750000,20.430000,20.690001,18.610701,956600
FENY,2018-01-04,20.709999,20.830000,20.600000,20.820000,18.727636,355100
FENY,2018-01-05,20.790001,20.809999,20.629999,20.790001,18.700651,497100
FENY,2018-01-08,20.790001,20.930000,20.730000,20.920000,18.817587,311000
FENY,2018-01-09,20.950001,20.959999,20.830000,20.860001,18.763617,242900
FENY,2018-01-10,20.889999,20.940001,20.830000,20.840000,18.745626,215100
FENY,2018-01-11,20.940001,21.350000,20.860001,21.270000,19.132412,513000
FENY,2018-01-12,21.290001,21.469999,21.290001,21.450001,19.294321,384200
FENY,2018-01-16,21.490000,21.490000,21.139999,21.190001,19.060450,642100
FENY,2018-01-17,21.219999,21.450001,21.110001,21.360001,19.213366,254500
FENY,2018-01-18,21.299999,21.309999,21.139999,21.180000,19.051455,247400
FENY,2018-01-19,21.150000,21.150000,20.990000,21.150000,19.024467,337900
FENY,2018-01-22,21.160000,21.580000,21.160000,21.580000,19.411257,279400
FENY,2018-01-23,21.620001,21.670000,21.450001,21.590000,19.420250,282200
FENY,2018-01-24,21.610001,21.690001,21.420000,21.530001,19.366282,264400
FENY,2018-01-25,21.610001,21.610001,21.290001,21.330000,19.186382,225900
FENY,2018-01-26,21.370001,21.480000,21.320000,21.440001,19.285326,218800
FENY,2018-01-29,21.350000,21.410000,21.080000,21.129999,19.006477,1106500
FENY,2018-01-30,20.940001,20.980000,20.629999,20.660000,18.583717,525000
FENY,2018-01-31,20.700001,20.750000,20.530001,20.660000,18.583717,260100
FENY,2018-02-01,20.700001,20.900000,20.600000,20.900000,18.799595,220400
FENY,2018-02-02,20.570000,20.570000,19.910000,20.010000,17.999037,552900
FENY,2018-02-05,19.709999,20.000000,18.910000,19.150000,17.225466,729900
FENY,2018-02-06,18.809999,19.469999,18.750000,19.330000,17.387377,970100
FENY,2018-02-07,19.400000,19.639999,19.010000,19.010000,17.099537,277200
FENY,2018-02-08,19.030001,19.080000,18.370001,18.370001,16.523853,471200
FENY,2018-02-09,18.590000,18.620001,17.770000,18.370001,16.523853,2085300
FENY,2018-02-12,18.600000,18.889999,18.549999,18.700001,16.820688,409500
FENY,2018-02-13,18.600000,18.690001,18.520000,18.610001,16.739735,255500
FENY,2018-02-14,18.410000,18.969999,18.290001,18.930000,17.027575,244500
FENY,2018-02-15,18.990000,18.990000,18.570000,18.879999,16.982595,216400
FENY,2018-02-16,18.809999,19.020000,18.750000,18.850000,16.955614,448800
FENY,2018-02-20,18.870001,19.010000,18.650000,18.730000,16.847675,941100
FENY,2018-02-21,18.700001,18.850000,18.410000,18.410000,16.559834,256400
FENY,2018-02-22,18.559999,18.900000,18.530001,18.639999,16.766722,210400
FENY,2018-02-23,18.740000,19.059999,18.740000,19.049999,17.135517,128800
FENY,2018-02-26,19.110001,19.200001,19.040001,19.170000,17.243458,132800
FENY,2018-02-27,19.200001,19.330000,18.900000,18.900000,17.000586,126200
FENY,2018-02-28,18.980000,19.000000,18.430000,18.430000,16.577826,104500
FENY,2018-03-01,18.410000,18.690001,18.290001,18.410000,16.559834,406600
FENY,2018-03-02,18.299999,18.610001,18.150000,18.549999,16.685764,233500
FENY,2018-03-05,18.440001,18.830000,18.440001,18.770000,16.883656,948700
FENY,2018-03-06,18.850000,18.940001,18.690001,18.770000,16.883656,216800
FENY,2018-03-07,18.590000,18.750000,18.440001,18.620001,16.748730,211400
FENY,2018-03-08,18.650000,18.690001,18.469999,18.590000,16.721745,107100
FENY,2018-03-09,18.709999,18.969999,18.690001,18.940001,17.036573,127800
FENY,2018-03-12,18.940001,19.080000,18.850000,18.950001,17.045565,150800
FENY,2018-03-13,19.020000,19.100000,18.760000,18.820000,16.928631,83600
FENY,2018-03-14,18.889999,18.920000,18.670000,18.700001,16.820688,97000
FENY,2018-03-15,18.790001,18.860001,18.480000,18.610001,16.739735,127400
FENY,2018-03-16,18.490000,18.730000,18.459999,18.660000,16.889074,96600
FENY,2018-03-19,18.600000,18.620001,18.240000,18.360001,16.617544,133400
FENY,2018-03-20,18.480000,18.639999,18.480000,18.510000,16.753309,150700
FENY,2018-03-21,18.620001,19.139999,18.600000,19.030001,17.223961,219600
FENY,2018-03-22,18.850000,18.920000,18.600000,18.639999,16.870974,182400
FENY,2018-03-23,18.740000,18.950001,18.490000,18.530001,16.771416,156600
FENY,2018-03-26,18.700001,18.870001,18.540001,18.840000,17.051992,158600
FENY,2018-03-27,18.910000,18.980000,18.520000,18.639999,16.870974,256700
FENY,2018-03-28,18.610001,18.719999,18.260000,18.309999,16.572292,314200
FENY,2018-03-29,18.370001,18.770000,18.370001,18.700001,16.925280,160100
FENY,2018-04-02,18.610001,18.700001,17.990000,18.290001,16.554192,407400
FENY,2018-04-03,18.370001,18.690001,18.180000,18.680000,16.907175,132000
FENY,2018-04-04,18.379999,18.700001,18.270000,18.650000,16.880024,164700
FENY,2018-04-05,18.719999,19.129999,18.709999,19.020000,17.214911,125000
FENY,2018-04-06,18.889999,18.969999,18.420000,18.650000,16.880024,120100
FENY,2018-04-09,18.770000,18.969999,18.700001,18.719999,16.943378,125800
FENY,2018-04-10,19.000000,19.520000,19.000000,19.360001,17.522640,330500
FENY,2018-04-11,19.350000,19.639999,19.330000,19.600000,17.739864,223700
FENY,2018-04-12,19.700001,19.719999,19.540001,19.610001,17.748917,196800
FENY,2018-04-13,19.709999,19.900000,19.700001,19.820000,17.938988,279800
FENY,2018-04-16,19.870001,20.100000,19.770000,20.010000,18.110954,271700
FENY,2018-04-17,20.080000,20.209999,19.969999,20.120001,18.210516,1837300
FENY,2018-04-18,20.299999,20.639999,20.299999,20.450001,18.509193,395600
FENY,2018-04-19,20.510000,20.639999,20.360001,20.490000,18.545401,232800
FENY,2018-04-20,20.440001,20.450001,20.250000,20.389999,18.454889,192500
FENY,2018-04-23,20.340000,20.510000,20.209999,20.510000,18.563501,254000
FENY,2018-04-24,20.570000,20.709999,20.190001,20.290001,18.364382,335400
FENY,2018-04-25,20.250000,20.480000,20.100000,20.459999,18.518248,170300
FENY,2018-04-26,20.540001,20.750000,20.469999,20.750000,18.780725,157200
FENY,2018-04-27,20.549999,20.610001,20.450001,20.510000,18.563501,210600
FENY,2018-04-30,20.469999,20.730000,20.469999,20.510000,18.563501,611600
FENY,2018-05-01,20.410000,20.410000,20.139999,20.400000,18.463942,890200
FENY,2018-05-02,20.299999,20.650000,20.299999,20.490000,18.545401,183700
FENY,2018-05-03,20.400000,20.450001,20.160000,20.410000,18.472992,128000
FENY,2018-05-04,20.360001,20.620001,20.290001,20.540001,18.590652,199400
FENY,2018-05-07,20.719999,21.049999,20.570000,20.610001,18.654011,338200
FENY,2018-05-08,20.629999,20.799999,20.250000,20.799999,18.825977,509000
FENY,2018-05-09,21.049999,21.430000,21.049999,21.200001,19.188019,498400
FENY,2018-05-10,21.330000,21.400000,21.200001,21.370001,19.341885,478400
FENY,2018-05-11,21.410000,21.500000,21.309999,21.340000,19.314728,556200
FENY,2018-05-14,21.410000,21.590000,21.410000,21.510000,19.468597,594400
FENY,2018-05-15,21.490000,21.559999,21.350000,21.520000,19.477648,621100
FENY,2018-05-16,21.510000,21.629999,21.410000,21.620001,19.568157,194800
FENY,2018-05-17,21.690001,22.010000,21.690001,21.980000,19.893990,355100
FENY,2018-05-18,21.980000,21.980000,21.790001,21.830000,19.758223,454900
FENY,2018-05-21,21.959999,22.049999,21.840000,22.040001,19.948298,315500
FENY,2018-05-22,22.070000,22.209999,21.670000,21.730000,19.667717,378700
FENY,2018-05-23,21.580000,21.730000,21.420000,21.719999,19.658667,262800
FENY,2018-05-24,21.500000,21.540001,21.280001,21.370001,19.341885,296000
FENY,2018-05-25,20.959999,21.000000,20.570000,20.790001,18.816931,380700
FENY,2018-05-29,20.600000,20.870001,20.559999,20.750000,18.780725,325100
FENY,2018-05-30,20.940001,21.490000,20.940001,21.410000,19.378086,224900
FENY,2018-05-31,21.260000,21.510000,21.209999,21.250000,19.233271,301900
FENY,2018-06-01,21.330000,21.469999,21.190001,21.309999,19.287577,287800
FENY,2018-06-04,21.389999,21.510000,21.020000,21.120001,19.115608,537300
FENY,2018-06-05,21.020000,21.200001,20.959999,21.040001,19.043200,196700
FENY,2018-06-06,21.110001,21.200001,20.950001,21.129999,19.124659,339800
FENY,2018-06-07,21.250000,21.590000,21.250000,21.500000,19.459545,190500
FENY,2018-06-08,21.510000,21.510000,21.290001,21.430000,19.396185,191000
FENY,2018-06-11,21.430000,21.610001,21.350000,21.500000,19.459545,161600
FENY,2018-06-12,21.520000,21.590000,21.309999,21.360001,19.332830,106100
FENY,2018-06-13,21.320000,21.400000,21.180000,21.260000,19.242321,186900
FENY,2018-06-14,21.360001,21.389999,21.180000,21.209999,19.197065,296200
FENY,2018-06-15,21.000000,21.010000,20.610001,20.620001,18.773705,240300
FENY,2018-06-18,20.580000,21.010000,20.580000,20.879999,19.010426,129600
FENY,2018-06-19,20.610001,20.920000,20.570000,20.860001,18.992216,234900
FENY,2018-06-20,20.959999,21.030001,20.799999,20.969999,19.092365,185900
FENY,2018-06-21,20.870001,20.920000,20.480000,20.559999,18.719076,125200
FENY,2018-06-22,21.010000,21.230000,21.010000,21.030001,19.146994,165500
FENY,2018-06-25,20.990000,21.000000,20.469999,20.570000,18.728182,267500
FENY,2018-06-26,20.629999,20.950001,20.570000,20.879999,19.010426,204300
FENY,2018-06-27,21.100000,21.440001,21.049999,21.160000,19.265354,300700
FENY,2018-06-28,21.200001,21.240000,20.959999,21.129999,19.238037,176800
FENY,2018-06-29,21.180000,21.469999,21.180000,21.250000,19.347294,154400
FENY,2018-07-02,21.090000,21.150000,20.790001,20.900000,19.028631,479500
FENY,2018-07-03,21.120001,21.379999,21.000000,21.059999,19.174305,176300
FENY,2018-07-05,21.170000,21.250000,20.980000,21.040001,19.156096,645400
FENY,2018-07-06,20.959999,21.260000,20.879999,21.219999,19.319975,263400
FENY,2018-07-09,21.340000,21.559999,21.320000,21.530001,19.602222,320100
FENY,2018-07-10,21.680000,21.879999,21.620001,21.680000,19.738792,312500
FENY,2018-07-11,21.510000,21.620001,21.059999,21.190001,19.292665,336600
FENY,2018-07-12,21.299999,21.350000,21.070000,21.230000,19.329082,196300
FENY,2018-07-13,21.240000,21.469999,21.230000,21.330000,19.420130,135400
FENY,2018-07-16,21.120001,21.209999,20.870001,21.049999,19.165201,326000
FENY,2018-07-17,20.980000,21.110001,20.870001,20.990000,19.110575,351500
FENY,2018-07-18,20.940001,21.040001,20.680000,21.010000,19.128782,306600
FENY,2018-07-19,20.930000,21.110001,20.930000,21.010000,19.128782,215800
FENY,2018-07-20,21.000000,21.049999,20.879999,20.930000,19.055948,186000
FENY,2018-07-23,20.969999,21.000000,20.809999,20.840000,18.974007,145900
FENY,2018-07-24,20.920000,21.219999,20.920000,21.090000,19.201618,146400
FENY,2018-07-25,21.090000,21.299999,21.020000,21.270000,19.365503,123900
FENY,2018-07-26,21.299999,21.510000,21.270000,21.490000,19.565805,159100
FENY,2018-07-27,21.270000,21.469999,21.260000,21.350000,19.438337,105800
FENY,2018-07-30,21.500000,21.610001,21.480000,21.559999,19.629538,344600
FENY,2018-07-31,21.570000,21.639999,21.430000,21.500000,19.574909,1025000
FENY,2018-08-01,21.330000,21.330000,21.120001,21.230000,19.329082,191500
FENY,2018-08-02,21.070000,21.190001,20.969999,21.139999,19.247143,394500
FENY,2018-08-03,21.110001,21.150000,20.940001,21.030001,19.146994,146300
FENY,2018-08-06,21.080000,21.230000,21.000000,21.139999,19.247143,175400
FENY,2018-08-07,21.330000,21.389999,21.209999,21.270000,19.365503,191200
FENY,2018-08-08,21.139999,21.180000,20.969999,21.110001,19.219826,179000
FENY,2018-08-09,21.150000,21.150000,20.889999,20.930000,19.055948,152500
FENY,2018-08-10,20.879999,21.049999,20.850000,21.049999,19.165201,113800
FENY,2018-08-13,21.030001,21.070000,20.740000,20.750000,18.892067,498000
FENY,2018-08-14,20.879999,20.950001,20.730000,20.820000,18.955795,115100
FENY,2018-08-15,20.660000,20.700001,20.010000,20.059999,18.263844,561200
FENY,2018-08-16,20.150000,20.320000,20.150000,20.200001,18.391312,490700
FENY,2018-08-17,20.240000,20.330000,20.200001,20.270000,18.455044,169300
FENY,2018-08-20,20.290001,20.500000,20.290001,20.440001,18.609825,103500
FENY,2018-08-21,20.549999,20.719999,20.549999,20.570000,18.728182,148400
FENY,2018-08-22,20.670000,20.900000,20.670000,20.840000,18.974007,137500
FENY,2018-08-23,20.770000,20.780001,20.639999,20.740000,18.882957,99000
FENY,2018-08-24,20.860001,21.010000,20.790001,20.900000,19.028631,139100
FENY,2018-08-27,20.969999,21.080000,20.969999,21.030001,19.146994,101900
FENY,2018-08-28,21.059999,21.160000,20.900000,20.920000,19.046844,130200
FENY,2018-08-29,20.969999,21.160000,20.930000,21.059999,19.174305,223000
FENY,2018-08-30,21.049999,21.110001,20.910000,21.010000,19.128782,156500
FENY,2018-08-31,20.940001,20.990000,20.770000,20.870001,19.001320,181500
FENY,2018-09-04,20.910000,20.959999,20.719999,20.780001,18.919378,388100
FENY,2018-09-05,20.670000,20.740000,20.459999,20.730000,18.873854,103800
FENY,2018-09-06,20.690001,20.690001,20.260000,20.320000,18.500565,127300
FENY,2018-09-07,20.200001,20.340000,20.010000,20.309999,18.491463,127600
FENY,2018-09-10,20.400000,20.480000,20.299999,20.299999,18.482357,111500
FENY,2018-09-11,20.270000,20.639999,20.260000,20.540001,18.700869,133400
FENY,2018-09-12,20.670000,20.850000,20.660000,20.670000,18.819229,203700
FENY,2018-09-13,20.639999,20.709999,20.490000,20.639999,18.791914,198900
FENY,2018-09-14,20.670000,20.840000,20.639999,20.770000,18.910275,114400
FENY,2018-09-17,20.799999,20.930000,20.730000,20.770000,18.910275,146900
FENY,2018-09-18,20.889999,21.070000,20.889999,20.959999,19.083261,187600
FENY,2018-09-19,20.940001,21.129999,20.860001,21.049999,19.165201,147000
FENY,2018-09-20,21.129999,21.209999,21.030001,21.040001,19.156096,118800
FENY,2018-09-21,21.000000,21.120001,20.959999,21.059999,19.299974,145800
FENY,2018-09-24,21.180000,21.450001,21.160000,21.360001,19.574905,207100
FENY,2018-09-25,21.500000,21.600000,21.469999,21.510000,19.712370,221300
FENY,2018-09-26,21.389999,21.459999,21.250000,21.260000,19.483261,127600
FENY,2018-09-27,21.340000,21.379999,21.219999,21.290001,19.510757,90900
FENY,2018-09-28,21.200001,21.480000,21.200001,21.270000,19.492426,121800
FENY,2018-10-01,21.350000,21.629999,21.350000,21.559999,19.758190,464100
FENY,2018-10-02,21.559999,21.629999,21.400000,21.570000,19.767353,222800
FENY,2018-10-03,21.639999,21.820000,21.580000,21.770000,19.950642,227500
FENY,2018-10-04,21.700001,21.809999,21.510000,21.639999,19.831505,171100
FENY,2018-10-05,21.639999,21.700001,21.480000,21.629999,19.822338,229100
FENY,2018-10-08,21.490000,21.629999,21.350000,21.620001,19.813177,143500
FENY,2018-10-09,21.639999,21.950001,21.600000,21.820000,19.996462,467300
FENY,2018-10-10,21.830000,21.840000,21.000000,21.010000,19.254154,297600
FENY,2018-10-11,20.860001,20.900000,20.260000,20.370001,18.667639,343400
FENY,2018-10-12,20.639999,20.650000,20.139999,20.469999,18.759283,208100
FENY,2018-10-15,20.480000,20.559999,20.330000,20.340000,18.640148,174300
FENY,2018-10-16,20.420000,20.559999,20.340000,20.540001,18.823435,875900
FENY,2018-10-17,20.510000,20.510000,20.209999,20.370001,18.667639,154100
FENY,2018-10-18,20.209999,20.420000,20.129999,20.230000,18.539341,163000
FENY,2018-10-19,20.120001,20.350000,20.030001,20.059999,18.383547,100600
FENY,2018-10-22,20.049999,20.080000,19.700001,19.830000,18.172770,890600
FENY,2018-10-23,19.459999,19.459999,19.010000,19.250000,17.641239,2436500
FENY,2018-10-24,19.340000,19.340000,18.469999,18.490000,16.944756,517100
FENY,2018-10-25,18.719999,18.889999,18.590000,18.700001,17.137207,596100
FENY,2018-10-26,18.500000,18.799999,18.250000,18.549999,16.999741,418400
FENY,2018-10-29,18.620001,18.700001,17.930000,18.170000,16.651499,482300
FENY,2018-10-30,18.120001,18.610001,18.070000,18.570000,17.018070,317500
FENY,2018-10-31,18.700001,19.020000,18.680000,18.690001,17.128042,262800
FENY,2018-11-01,18.760000,18.950001,18.559999,18.879999,17.302160,710300
FENY,2018-11-02,19.040001,19.190001,18.629999,18.830000,17.256342,272700
FENY,2018-11-05,19.010000,19.190001,18.990000,19.150000,17.549597,238200
FENY,2018-11-06,19.180000,19.230000,18.969999,19.190001,17.586258,167700
FENY,2018-11-07,19.430000,19.580000,19.219999,19.510000,17.879515,185000
FENY,2018-11-08,19.430000,19.549999,19.000000,19.059999,17.467121,176600
FENY,2018-11-09,18.799999,19.129999,18.680000,19.000000,17.412132,232100
FENY,2018-11-12,19.160000,19.209999,18.559999,18.580000,17.027235,360000
FENY,2018-11-13,18.520000,18.620001,18.059999,18.120001,16.605680,700600
FENY,2018-11-14,18.400000,18.500000,17.940001,18.090000,16.578188,202500
FENY,2018-11-15,18.000000,18.400000,17.879999,18.400000,16.862276,342100
FENY,2018-11-16,18.459999,18.629999,18.370001,18.580000,17.027235,152500
FENY,2018-11-19,18.430000,18.629999,18.360001,18.559999,17.008905,136700
FENY,2018-11-20,18.309999,18.309999,17.780001,17.910000,16.413229,513000
FENY,2018-11-21,18.049999,18.400000,18.049999,18.230000,16.706484,305200
FENY,2018-11-23,17.750000,17.780001,17.520000,17.610001,16.138298,190100
FENY,2018-11-26,17.770000,18.020000,17.770000,17.910000,16.413229,347500
FENY,2018-11-27,17.850000,17.969999,17.740000,17.840000,16.349079,157100
FENY,2018-11-28,17.840000,18.150000,17.690001,18.150000,16.633169,168000
FENY,2018-11-29,18.150000,18.400000,18.100000,18.260000,16.733976,126100
FENY,2018-11-30,18.150000,18.240000,17.990000,18.180000,16.660664,156400
FENY,2018-12-03,18.590000,18.700001,18.389999,18.600000,17.045563,278100
FENY,2018-12-04,18.629999,18.670000,18.030001,18.059999,16.550690,218200
FENY,2018-12-06,17.680000,17.690001,17.320000,17.690001,16.211615,1529700
FENY,2018-12-07,18.000000,18.290001,17.559999,17.600000,16.129139,209200
FENY,2018-12-10,17.440001,17.590000,16.900000,17.270000,15.826715,812300
FENY,2018-12-11,17.559999,17.590000,17.100000,17.280001,15.835879,1775900
FENY,2018-12-12,17.530001,17.690001,17.350000,17.360001,15.909194,176300
FENY,2018-12-13,17.330000,17.490000,17.240000,17.410000,15.955013,207400
FENY,2018-12-14,17.260000,17.330000,16.879999,16.950001,15.533457,217800
FENY,2018-12-17,16.889999,17.049999,16.510000,16.629999,15.240198,1146400
FENY,2018-12-18,16.620001,16.639999,16.139999,16.230000,14.873628,1516700
FENY,2018-12-19,16.299999,16.559999,15.900000,16.030001,14.690344,704200
FENY,2018-12-20,15.830000,16.070000,15.470000,15.570000,14.268785,621500
FENY,2018-12-21,15.480000,15.660000,15.140000,15.250000,14.087724,695800
FENY,2018-12-24,15.060000,15.110000,14.630000,14.630000,13.514977,1082900
FENY,2018-12-26,14.780000,15.580000,14.510000,15.570000,14.383335,952300
FENY,2018-12-27,15.320000,15.680000,15.050000,15.680000,14.484952,918800
FENY,2018-12-28,15.730000,15.790000,15.430000,15.540000,14.355622,798800
FENY,2018-12-31,15.630000,15.730000,15.410000,15.620000,14.429524,1144800
FENY,2019-01-02,15.420000,16.040001,15.310000,15.960000,14.743611,359800
FENY,2019-01-03,16.020000,16.020000,15.620000,15.810000,14.605044,165900
FENY,2019-01-04,16.090000,16.400000,16.059999,16.370001,15.122363,241100
FENY,2019-01-07,16.490000,16.770000,16.299999,16.660000,15.390261,238700
FENY,2019-01-08,16.910000,16.920000,16.690001,16.799999,15.519588,250300
FENY,2019-01-09,17.010000,17.110001,16.840000,17.059999,15.759774,288800
FENY,2019-01-10,16.950001,17.110001,16.830000,17.110001,15.805965,182500
FENY,2019-01-11,17.020000,17.049999,16.850000,16.990000,15.695110,134700
FENY,2019-01-14,16.799999,17.020000,16.790001,16.940001,15.648922,131300
FENY,2019-01-15,17.030001,17.160000,16.940001,17.030001,15.732062,105900
FENY,2019-01-16,17.010000,17.150000,16.959999,17.020000,15.722823,220300
FENY,2019-01-17,16.910000,17.230000,16.860001,17.170000,15.861392,345900
FENY,2019-01-18,17.389999,17.500000,17.280001,17.500000,16.166241,202100
FENY,2019-01-22,17.330000,17.330000,17.049999,17.090000,15.787489,285100
FENY,2019-01-23,17.150000,17.170000,16.770000,16.900000,15.611969,159400
FENY,2019-01-24,16.850000,17.110001,16.809999,17.010000,15.713586,97400
FENY,2019-01-25,17.139999,17.330000,17.139999,17.240000,15.926058,94500
FENY,2019-01-28,17.000000,17.049999,16.860001,17.049999,15.750537,212800
FENY,2019-01-29,17.129999,17.209999,17.090000,17.100000,15.796726,106000
FENY,2019-01-30,17.219999,17.410000,17.110001,17.350000,16.027674,166400
FENY,2019-01-31,17.420000,17.520000,17.320000,17.440001,16.110813,118300
FENY,2019-02-01,17.639999,17.820000,17.549999,17.740000,16.387947,417800
FENY,2019-02-04,17.650000,17.780001,17.500000,17.780001,16.424900,209600
FENY,2019-02-05,17.799999,17.840000,17.709999,17.780001,16.424900,215100
FENY,2019-02-06,17.709999,17.750000,17.650000,17.660000,16.314045,149400
FENY,2019-02-07,17.559999,17.590000,17.090000,17.250000,15.935294,275300
FENY,2019-02-08,17.180000,17.230000,16.879999,17.170000,15.861392,167700
FENY,2019-02-11,17.040001,17.270000,17.000000,17.240000,15.926058,113500
FENY,2019-02-12,17.500000,17.570000,17.400000,17.459999,16.129290,176000
FENY,2019-02-13,17.540001,17.820000,17.540001,17.709999,16.360235,340300
FENY,2019-02-14,17.650000,17.889999,17.610001,17.760000,16.406425,167400
FENY,2019-02-15,17.940001,18.080000,17.940001,18.070000,16.692799,156400
FENY,2019-02-19,17.990000,18.209999,17.950001,18.150000,16.766699,203900
FENY,2019-02-20,18.120001,18.299999,18.120001,18.219999,16.831366,145300
FENY,2019-02-21,18.190001,18.190001,17.850000,17.920000,16.554232,188300
FENY,2019-02-22,18.080000,18.129999,17.900000,17.980000,16.609659,114100
FENY,2019-02-25,17.930000,18.059999,17.930000,18.000000,16.628132,109700
FENY,2019-02-26,17.969999,18.059999,17.900000,17.900000,16.535755,94500
FENY,2019-02-27,18.020000,18.170000,17.900000,17.990000,16.618896,133500
FENY,2019-02-28,18.020000,18.020000,17.700001,17.809999,16.452614,163900
FENY,2019-03-01,17.900000,18.129999,17.900000,18.129999,16.748226,180700
FENY,2019-03-04,18.180000,18.250000,17.910000,18.170000,16.785177,345400
FENY,2019-03-05,18.190001,18.190001,17.990000,18.110001,16.729750,294200
FENY,2019-03-06,18.010000,18.020000,17.760000,17.860001,16.498804,169400
FENY,2019-03-07,17.870001,17.870001,17.680000,17.760000,16.406425,161500
FENY,2019-03-08,17.459999,17.500000,17.240000,17.400000,16.073862,335500
FENY,2019-03-11,17.520000,17.730000,17.510000,17.680000,16.332523,226700
FENY,2019-03-12,17.750000,17.910000,17.750000,17.820000,16.461851,135400
FENY,2019-03-13,17.950001,18.040001,17.900000,18.040001,16.665085,113500
FENY,2019-03-14,18.049999,18.139999,18.040001,18.040001,16.665085,146500
FENY,2019-03-15,17.879999,17.940001,17.860001,17.889999,16.653913,346100
FENY,2019-03-18,17.920000,18.190001,17.920000,18.150000,16.895948,136400
FENY,2019-03-19,18.260000,18.350000,18.030001,18.110001,16.858713,1273100
FENY,2019-03-20,18.049999,18.440001,18.040001,18.270000,17.007658,329300
FENY,2019-03-21,18.250000,18.440001,18.200001,18.410000,17.137983,205800
FENY,2019-03-22,18.260000,18.260000,17.820000,17.879999,16.644604,186800
FENY,2019-03-25,17.770000,17.910000,17.700001,17.889999,16.653913,346600
FENY,2019-03-26,18.049999,18.270000,18.040001,18.139999,16.886639,147200
FENY,2019-03-27,18.120001,18.209999,17.889999,18.030001,16.784241,150700
FENY,2019-03-28,17.940001,18.120001,17.940001,18.100000,16.849405,126800
FENY,2019-03-29,18.260000,18.330000,18.040001,18.080000,16.830786,313400
FENY,2019-04-01,18.209999,18.360001,18.200001,18.350000,17.082130,400500
FENY,2019-04-02,18.350000,18.389999,18.170000,18.219999,16.961113,174800
FENY,2019-04-03,18.270000,18.299999,17.950001,18.010000,16.765623,138500
FENY,2019-04-04,18.010000,18.190001,17.940001,18.180000,16.923878,203200
FENY,2019-04-05,18.219999,18.520000,18.219999,18.500000,17.221764,300300
FENY,2019-04-08,18.559999,18.680000,18.530001,18.600000,17.314856,172100
FENY,2019-04-09,18.540001,18.540001,18.309999,18.370001,17.100746,497900
FENY,2019-04-10,18.400000,18.510000,18.389999,18.440001,17.165913,145700
FENY,2019-04-11,18.400000,18.570000,18.309999,18.430000,17.156603,63400
FENY,2019-04-12,18.670000,18.730000,18.469999,18.490000,17.212456,182300
FENY,2019-04-15,18.459999,18.520000,18.360001,18.389999,17.119364,80400
FENY,2019-04-16,18.459999,18.520000,18.379999,18.510000,17.231075,337200
FENY,2019-04-17,18.610001,18.639999,18.450001,18.469999,17.193836,112500
FENY,2019-04-18,18.530001,18.549999,18.350000,18.379999,17.110056,86100
FENY,2019-04-22,18.520000,18.799999,18.500000,18.770000,17.473112,180400
FENY,2019-04-23,18.809999,18.850000,18.660000,18.790001,17.491730,229600
FENY,2019-04-24,18.790001,18.799999,18.430000,18.430000,17.156603,131600
FENY,2019-04-25,18.430000,18.510000,18.340000,18.340000,17.072821,125500
FENY,2019-04-26,18.240000,18.240000,17.950001,18.139999,16.886639,175900
FENY,2019-04-29,18.120001,18.180000,18.059999,18.110001,16.858713,187500
FENY,2019-04-30,18.240000,18.240000,18.020000,18.049999,16.802858,171300
FENY,2019-05-01,18.049999,18.080000,17.660000,17.660000,16.439806,214000
FENY,2019-05-02,17.540001,17.639999,17.340000,17.340000,16.141914,410300
FENY,2019-05-03,17.500000,17.660000,17.480000,17.510000,16.300169,236700
FENY,2019-05-06,17.320000,17.610001,17.320000,17.530001,16.318789,117000
FENY,2019-05-07,17.350000,17.400000,17.180000,17.389999,16.188459,194300
FENY,2019-05-08,17.379999,17.540001,17.379999,17.400000,16.197769,148100
FENY,2019-05-09,17.330000,17.440001,17.139999,17.400000,16.197769,176100
FENY,2019-05-10,17.370001,17.510000,17.150000,17.469999,16.262932,75500
FENY,2019-05-13,17.370001,17.370001,17.070000,17.160000,15.974353,221800
FENY,2019-05-14,17.250000,17.520000,17.240000,17.400000,16.197769,229900
FENY,2019-05-15,17.290001,17.520000,17.240000,17.500000,16.290861,125700
FENY,2019-05-16,17.510000,17.650000,17.510000,17.580000,16.365334,116000
FENY,2019-05-17,17.440001,17.549999,17.370001,17.379999,16.179152,101500
FENY,2019-05-20,17.360001,17.459999,17.340000,17.360001,16.160534,87000
FENY,2019-05-21,17.420000,17.610001,17.420000,17.580000,16.365334,244800
FENY,2019-05-22,17.490000,17.490000,17.209999,17.250000,16.058134,265700
FENY,2019-05-23,17.010000,17.040001,16.559999,16.680000,15.527518,766200
FENY,2019-05-24,16.850000,16.850000,16.580000,16.709999,15.555443,371900
FENY,2019-05-28,16.750000,16.770000,16.500000,16.500000,15.359954,1607000
FENY,2019-05-29,16.320000,16.450001,16.200001,16.440001,15.304099,205400
FENY,2019-05-30,16.420000,16.440001,16.180000,16.230000,15.108608,292400
FENY,2019-05-31,16.000000,16.139999,15.910000,15.960000,14.857265,213400
FENY,2019-06-03,16.040001,16.219999,16.040001,16.160000,15.043445,259400
FENY,2019-06-04,16.290001,16.469999,16.270000,16.450001,15.313409,103100
FENY,2019-06-05,16.450001,16.459999,16.129999,16.240000,15.117917,105900
FENY,2019-06-06,16.290001,16.540001,16.290001,16.490000,15.350644,126600
FENY,2019-06-07,16.530001,16.680000,16.500000,16.580000,15.434425,89800
FENY,2019-06-10,16.660000,16.780001,16.590000,16.600000,15.453044,94800
FENY,2019-06-11,16.750000,16.799999,16.629999,16.629999,15.480970,112200
FENY,2019-06-12,16.520000,16.570000,16.320000,16.350000,15.220318,93500
FENY,2019-06-13,16.559999,16.629999,16.500000,16.580000,15.434425,115300
FENY,2019-06-14,16.620001,16.629999,16.400000,16.430000,15.294790,120500
FENY,2019-06-17,16.379999,16.620001,16.350000,16.570000,15.425117,154700
FENY,2019-06-18,16.670000,16.920000,16.610001,16.830000,15.667153,304700
FENY,2019-06-19,16.809999,16.900000,16.709999,16.809999,15.648535,97900
FENY,2019-06-20,17.040001,17.230000,17.040001,17.180000,15.992971,289700
FENY,2019-06-21,17.049999,17.190001,17.020000,17.150000,16.108500,204900
FENY,2019-06-24,17.150000,17.150000,16.969999,16.990000,15.958217,105700
FENY,2019-06-25,16.969999,16.969999,16.830000,16.830000,15.807934,261400
FENY,2019-06-26,16.990000,17.240000,16.990000,17.110001,16.070932,112000
FENY,2019-06-27,17.120001,17.139999,16.969999,17.000000,15.967608,93300
FENY,2019-06-28,17.020000,17.219999,17.020000,17.200001,16.155464,139500
FENY,2019-07-01,17.420000,17.490000,17.190001,17.250000,16.202427,168200
FENY,2019-07-02,17.190001,17.190001,16.860001,16.900000,15.873682,255500
FENY,2019-07-03,16.950001,16.990000,16.850000,16.990000,15.958217,71800
FENY,2019-07-05,16.920000,17.030001,16.900000,17.030001,15.995788,91400
FENY,2019-07-08,17.000000,17.150000,16.980000,17.020000,15.986394,131400
FENY,2019-07-09,16.990000,17.049999,16.900000,17.040001,16.005182,84900
FENY,2019-07-10,17.139999,17.330000,17.139999,17.290001,16.240000,140500
FENY,2019-07-11,17.299999,17.330000,17.200001,17.290001,16.240000,89100
FENY,2019-07-12,17.299999,17.410000,17.299999,17.350000,16.296354,123900
FENY,2019-07-15,17.389999,17.389999,17.139999,17.170000,16.127285,124100
FENY,2019-07-16,17.150000,17.160000,16.910000,16.959999,15.930038,113000
FENY,2019-07-17,16.969999,17.000000,16.750000,16.760000,15.742184,207500
FENY,2019-07-18,16.700001,16.750000,16.570000,16.719999,15.704614,175200
FENY,2019-07-19,16.750000,16.879999,16.700001,16.830000,15.807934,133700
FENY,2019-07-22,16.879999,16.969999,16.780001,16.900000,15.873682,113900
FENY,2019-07-23,16.900000,16.990000,16.860001,16.950001,15.920647,144400
FENY,2019-07-24,16.930000,17.139999,16.930000,17.020000,15.986394,75200
FENY,2019-07-25,17.090000,17.110001,16.770000,16.790001,15.770364,116800
FENY,2019-07-26,16.790001,16.799999,16.660000,16.730000,15.714005,107200
FENY,2019-07-29,16.690001,16.709999,16.520000,16.620001,15.610687,150200
FENY,2019-07-30,16.549999,16.900000,16.530001,16.860001,15.836112,113900
FENY,2019-07-31,16.850000,17.020000,16.690001,16.809999,15.789148,109700
FENY,2019-08-01,16.700001,16.700001,16.260000,16.340000,15.347691,326400
FENY,2019-08-02,16.420000,16.480000,15.970000,16.139999,15.159837,486200
FENY,2019-08-05,15.880000,15.880000,15.520000,15.630000,14.680808,414600
FENY,2019-08-06,15.660000,15.720000,15.440000,15.600000,14.652630,240200
FENY,2019-08-07,15.330000,15.560000,15.230000,15.480000,14.539917,963600
FENY,2019-08-08,15.600000,15.910000,15.540000,15.900000,14.934411,155700
FENY,2019-08-09,15.930000,15.940000,15.670000,15.700000,14.746557,377800
FENY,2019-08-12,15.700000,15.700000,15.450000,15.520000,14.577489,131600
FENY,2019-08-13,15.510000,15.840000,15.390000,15.680000,14.727773,158200
FENY,2019-08-14,15.410000,15.410000,15.030000,15.040000,14.126638,298200
FENY,2019-08-15,15.000000,15.010000,14.800000,14.950000,14.042104,330500
FENY,2019-08-16,15.010000,15.220000,15.000000,15.180000,14.258137,186300
FENY,2019-08-19,15.400000,15.580000,15.390000,15.530000,14.586881,120100
FENY,2019-08-20,15.490000,15.490000,15.350000,15.390000,14.455383,149500
FENY,2019-08-21,15.560000,15.610000,15.470000,15.500000,14.558702,99800
FENY,2019-08-22,15.600000,15.610000,15.400000,15.410000,14.474168,522000
FENY,2019-08-23,15.250000,15.360000,14.810000,14.890000,13.985748,486500
FENY,2019-08-26,15.060000,15.070000,14.890000,14.950000,14.042104,199000
FENY,2019-08-27,15.010000,15.070000,14.760000,14.820000,13.919999,219000
FENY,2019-08-28,14.910000,15.140000,14.870000,15.080000,14.164208,143900
FENY,2019-08-29,15.200000,15.380000,15.200000,15.320000,14.389633,158800
FENY,2019-08-30,15.370000,15.500000,15.210000,15.290000,14.361457,204300
FENY,2019-09-03,15.070000,15.250000,15.000000,15.210000,14.286314,197400
FENY,2019-09-04,15.410000,15.490000,15.380000,15.440000,14.502346,136700
FENY,2019-09-05,15.560000,15.820000,15.560000,15.670000,14.718380,271000
FENY,2019-09-06,15.610000,15.740000,15.530000,15.730000,14.774735,84900
FENY,2019-09-09,15.830000,16.100000,15.830000,16.070000,15.094087,151400
FENY,2019-09-10,16.170000,16.510000,16.170000,16.270000,15.281942,226500
FENY,2019-09-11,16.360001,16.510000,16.180000,16.309999,15.319512,161600
FENY,2019-09-12,16.070000,16.240000,15.970000,16.180000,15.197408,154700
FENY,2019-09-13,16.290001,16.379999,16.240000,16.320000,15.328904,110700
FENY,2019-09-16,17.049999,17.070000,16.740000,16.940001,15.911255,470900
FENY,2019-09-17,16.930000,16.950001,16.549999,16.639999,15.629471,246200
FENY,2019-09-18,16.520000,16.580000,16.440001,16.559999,15.554331,162900
FENY,2019-09-19,16.629999,16.660000,16.440001,16.450001,15.451011,95600
FENY,2019-09-20,16.400000,16.420000,16.260000,16.330000,15.478498,125600
FENY,2019-09-23,16.219999,16.379999,16.200001,16.340000,15.487977,145900
FENY,2019-09-24,16.309999,16.309999,15.970000,16.049999,15.213099,252800
FENY,2019-09-25,16.000000,16.100000,15.900000,16.090000,15.251013,125400
FENY,2019-09-26,16.010000,16.020000,15.790000,15.860000,15.033006,147200
FENY,2019-09-27,15.790000,15.980000,15.750000,15.860000,15.033006,132600
FENY,2019-09-30,15.730000,15.830000,15.730000,15.740000,14.919263,425200
FENY,2019-10-01,15.810000,15.870000,15.370000,15.380000,14.578034,252700
FENY,2019-10-02,15.270000,15.300000,14.960000,14.980000,14.198892,292500
FENY,2019-10-03,14.950000,15.180000,14.800000,15.170000,14.378985,303500
FENY,2019-10-04,15.210000,15.270000,15.080000,15.260000,14.464293,302600
FENY,2019-10-07,15.260000,15.330000,15.120000,15.120000,14.331592,227500
FENY,2019-10-08,14.980000,15.070000,14.830000,14.830000,14.056713,175400
FENY,2019-10-09,14.970000,15.050000,14.950000,14.990000,14.208370,147200
FENY,2019-10-10,15.000000,15.210000,15.000000,15.160000,14.369506,221900
FENY,2019-10-11,15.320000,15.520000,15.280000,15.390000,14.587514,321900
FENY,2019-10-14,15.300000,15.400000,15.190000,15.370000,14.568556,89400
FENY,2019-10-15,15.330000,15.580000,15.300000,15.410000,14.606470,360900
FENY,2019-10-16,15.350000,15.470000,15.210000,15.210000,14.416899,170100
FENY,2019-10-17,15.250000,15.320000,15.170000,15.220000,14.426377,84400
FENY,2019-10-18,15.200000,15.300000,15.120000,15.120000,14.331592,75400
FENY,2019-10-21,15.160000,15.400000,15.160000,15.390000,14.587514,100200
FENY,2019-10-22,15.440000,15.750000,15.370000,15.590000,14.777084,119200
FENY,2019-10-23,15.560000,15.750000,15.500000,15.720000,14.900306,96300
FENY,2019-10-24,15.780000,15.810000,15.560000,15.640000,14.824478,109600
FENY,2019-10-25,15.640000,15.810000,15.620000,15.780000,14.957177,96700
FENY,2019-10-28,15.830000,15.910000,15.660000,15.670000,14.852914,168900
FENY,2019-10-29,15.610000,15.880000,15.570000,15.760000,14.938220,129100
FENY,2019-10-30,15.780000,15.780000,15.360000,15.410000,14.606470,288100
FENY,2019-10-31,15.370000,15.380000,15.200000,15.350000,14.549599,312500
FENY,2019-11-01,15.430000,15.750000,15.410000,15.730000,14.909784,291900
FENY,2019-11-04,15.890000,16.280001,15.890000,16.230000,15.383712,291000
FENY,2019-11-05,16.290001,16.410000,16.200001,16.309999,15.459541,234000
FENY,2019-11-06,16.250000,16.290001,15.870000,15.920000,15.089878,257400
FENY,2019-11-07,16.070000,16.209999,16.049999,16.160000,15.317363,131500
FENY,2019-11-08,16.049999,16.120001,15.920000,16.090000,15.251013,160700
FENY,2019-11-11,15.970000,16.059999,15.890000,15.990000,15.156227,124300
FENY,2019-11-12,16.030001,16.110001,15.820000,15.890000,15.061442,233400
FENY,2019-11-13,15.830000,15.870000,15.740000,15.800000,14.976135,138300
FENY,2019-11-14,15.790000,15.880000,15.680000,15.730000,14.909784,162200
FENY,2019-11-15,15.790000,15.930000,15.790000,15.880000,15.051963,86100
FENY,2019-11-18,15.770000,15.770000,15.600000,15.650000,14.833956,212200
FENY,2019-11-19,15.600000,15.620000,15.410000,15.410000,14.606470,290900
FENY,2019-11-20,15.400000,15.670000,15.320000,15.570000,14.758126,143400
FENY,2019-11-21,15.620000,15.840000,15.590000,15.810000,14.985614,217000
FENY,2019-11-22,15.860000,15.910000,15.750000,15.770000,14.947700,137300
FENY,2019-11-25,15.750000,15.830000,15.710000,15.810000,14.985614,257700
FENY,2019-11-26,15.830000,15.830000,15.600000,15.640000,14.824478,314600
FENY,2019-11-27,15.660000,15.730000,15.570000,15.700000,14.881349,174500
FENY,2019-11-29,15.570000,15.620000,15.490000,15.520000,14.710735,136300
FENY,2019-12-02,15.600000,15.690000,15.520000,15.540000,14.729692,160000
FENY,2019-12-03,15.440000,15.440000,15.260000,15.310000,14.511685,326400
FENY,2019-12-04,15.430000,15.600000,15.430000,15.550000,14.739171,149300
FENY,2019-12-05,15.600000,15.640000,15.430000,15.480000,14.672820,399700
FENY,2019-12-06,15.490000,15.830000,15.490000,15.790000,14.966656,281400
FENY,2019-12-09,15.710000,15.860000,15.640000,15.780000,14.957177,273400
FENY,2019-12-10,15.800000,15.870000,15.740000,15.810000,14.985614,153600
FENY,2019-12-11,15.780000,15.890000,15.760000,15.790000,14.966656,199100
FENY,2019-12-12,15.800000,16.139999,15.790000,16.110001,15.269971,377400
FENY,2019-12-13,16.150000,16.250000,15.960000,15.970000,15.137270,248800
FENY,2019-12-16,16.059999,16.260000,16.059999,16.200001,15.355277,195700
FENY,2019-12-17,16.260000,16.370001,16.170000,16.250000,15.402670,162300
FENY,2019-12-18,16.219999,16.400000,16.219999,16.309999,15.459541,222700
FENY,2019-12-19,16.340000,16.370001,16.290001,16.320000,15.469019,374800
FENY,2019-12-20,15.840000,15.890000,15.750000,15.860000,15.596863,248700
FENY,2019-12-23,15.860000,16.059999,15.820000,16.049999,15.783710,247800
FENY,2019-12-24,16.049999,16.120001,16.020000,16.030001,15.764043,391300
FENY,2019-12-26,16.139999,16.170000,16.030001,16.059999,15.793544,258700
FENY,2019-12-27,16.090000,16.110001,15.960000,15.970000,15.705038,286100
FENY,2019-12-30,15.990000,16.059999,15.900000,15.910000,15.646033,406800
FENY,2019-12-31,15.820000,16.020000,15.800000,16.010000,15.744374,339700
FENY,2020-01-02,16.100000,16.170000,16.059999,16.129999,15.862382,176900
FENY,2020-01-03,16.370001,16.370001,16.049999,16.129999,15.862382,380300
FENY,2020-01-06,16.200001,16.340000,16.129999,16.270000,16.000061,293000
FENY,2020-01-07,16.209999,16.219999,16.020000,16.219999,15.950890,1153800
FENY,2020-01-08,16.209999,16.230000,15.880000,15.910000,15.646033,358600
FENY,2020-01-09,15.890000,16.030001,15.700000,16.000000,15.734540,222600
FENY,2020-01-10,16.000000,16.000000,15.890000,15.900000,15.636199,176700
FENY,2020-01-13,15.890000,15.940000,15.790000,15.890000,15.626366,375400
FENY,2020-01-14,15.870000,15.920000,15.770000,15.910000,15.646033,219600
FENY,2020-01-15,15.850000,15.880000,15.750000,15.810000,15.547692,230000
FENY,2020-01-16,15.850000,15.950000,15.810000,15.810000,15.547692,167800
FENY,2020-01-17,15.850000,15.880000,15.690000,15.710000,15.449351,208400
FENY,2020-01-21,15.620000,15.670000,15.390000,15.400000,15.144494,367400
FENY,2020-01-22,15.360000,15.380000,15.220000,15.230000,14.977315,229600
FENY,2020-01-23,15.150000,15.230000,14.960000,15.180000,14.928145,425800
FENY,2020-01-24,15.120000,15.130000,14.870000,14.980000,14.731462,660500
FENY,2020-01-27,14.740000,14.740000,14.560000,14.570000,14.328265,758300
FENY,2020-01-28,14.630000,14.730000,14.580000,14.640000,14.397104,621600
FENY,2020-01-29,14.720000,14.780000,14.480000,14.480000,14.239758,595100
FENY,2020-01-30,14.360000,14.600000,14.300000,14.600000,14.357768,309500
FENY,2020-01-31,14.350000,14.350000,14.080000,14.160000,13.925068,643600
FENY,2020-02-03,14.110000,14.160000,13.930000,13.980000,13.748054,783600
FENY,2020-02-04,14.170000,14.260000,13.980000,14.010000,13.777556,376000
FENY,2020-02-05,14.240000,14.590000,14.240000,14.540000,14.298763,324900
FENY,2020-02-06,14.590000,14.590000,14.350000,14.360000,14.121749,244700
FENY,2020-02-07,14.300000,14.310000,14.190000,14.250000,14.013575,217000
FENY,2020-02-10,14.190000,14.200000,14.070000,14.150000,13.915234,327300
FENY,2020-02-11,14.310000,14.370000,14.260000,14.300000,14.062745,323300
FENY,2020-02-12,14.540000,14.600000,14.390000,14.510000,14.269261,358200
FENY,2020-02-13,14.420000,14.540000,14.370000,14.450000,14.210257,251800
FENY,2020-02-14,14.490000,14.500000,14.300000,14.380000,14.141418,219200
FENY,2020-02-18,14.270000,14.300000,14.130000,14.270000,14.033243,320600
FENY,2020-02-19,14.350000,14.510000,14.280000,14.460000,14.220091,445500
FENY,2020-02-20,14.510000,14.600000,14.410000,14.430000,14.190589,392300
FENY,2020-02-21,14.350000,14.350000,14.140000,14.240000,14.003740,247100
FENY,2020-02-24,13.800000,13.810000,13.540000,13.570000,13.344856,1434200
FENY,2020-02-25,13.590000,13.640000,12.900000,12.970000,12.754811,820100
FENY,2020-02-26,13.050000,13.080000,12.580000,12.580000,12.371282,1278500
FENY,2020-02-27,12.260000,12.440000,11.880000,11.880000,11.682896,1094400
FENY,2020-02-28,11.500000,12.070000,11.420000,12.070000,11.869743,2983700
FENY,2020-03-02,12.270000,12.380000,11.810000,12.380000,12.174601,4133000
FENY,2020-03-03,12.430000,12.590000,11.840000,11.990000,11.791071,2164900
FENY,2020-03-04,12.260000,12.260000,11.950000,12.210000,12.007421,449800
FENY,2020-03-05,11.900000,11.930000,11.590000,11.780000,11.584555,1017400
FENY,2020-03-06,11.420000,11.450000,10.910000,11.060000,10.876501,1405900
FENY,2020-03-09,9.210000,9.530000,8.820000,8.840000,8.693334,3863500
FENY,2020-03-10,9.730000,9.730000,8.600000,9.190000,9.037526,2096600
FENY,2020-03-11,8.900000,9.030000,8.560000,8.690000,8.545821,2330600
FENY,2020-03-12,8.120000,8.190000,7.670000,7.670000,7.542745,2515100
FENY,2020-03-13,8.330000,8.350000,7.450000,8.350000,8.211463,2558800
FENY,2020-03-16,7.830000,8.030000,7.210000,7.280000,7.159216,1548900
FENY,2020-03-17,7.420000,7.590000,7.020000,7.310000,7.188718,1383400
FENY,2020-03-18,7.000000,7.000000,6.000000,6.290000,6.185641,1741400
FENY,2020-03-19,6.350000,6.710000,6.010000,6.630000,6.520000,1089600
FENY,2020-03-20,6.770000,6.900000,6.370000,6.670000,6.670000,1396000
FENY,2020-03-23,6.600000,6.600000,6.080000,6.200000,6.200000,1345100
FENY,2020-03-24,6.700000,7.210000,6.680000,7.160000,7.160000,1646900
FENY,2020-03-25,7.390000,7.820000,6.990000,7.470000,7.470000,1563100
FENY,2020-03-26,7.550000,8.050000,7.460000,7.840000,7.840000,1661900
FENY,2020-03-27,7.590000,7.590000,7.320000,7.370000,7.370000,1232600
FENY,2020-03-30,7.280000,7.470000,7.020000,7.400000,7.400000,1737400
FENY,2020-03-31,7.670000,7.780000,7.400000,7.520000,7.520000,1052800
FENY,2020-04-01,7.300000,7.410000,7.090000,7.200000,7.200000,956500
FENY,2020-04-02,7.530000,8.220000,7.350000,7.820000,7.820000,1334700
FENY,2020-04-03,8.120000,8.120000,7.530000,7.750000,7.750000,1512600
FENY,2020-04-06,7.920000,8.200000,7.810000,8.140000,8.140000,1040500
FENY,2020-04-07,8.570000,8.760000,8.300000,8.310000,8.310000,1448600
FENY,2020-04-08,8.520000,8.880000,8.410000,8.860000,8.860000,1422300
FENY,2020-04-09,9.210000,9.450000,8.460000,8.780000,8.780000,4736900
FENY,2020-04-13,9.170000,9.170000,8.630000,8.780000,8.780000,1128100
FENY,2020-04-14,8.780000,8.930000,8.680000,8.750000,8.750000,1089200
FENY,2020-04-15,8.410000,8.440000,8.100000,8.340000,8.340000,1386000
FENY,2020-04-16,8.340000,8.340000,8.010000,8.020000,8.020000,1131500
FENY,2020-04-17,8.170000,8.850000,8.170000,8.830000,8.830000,1430500
FENY,2020-04-20,8.360000,8.880000,8.280000,8.590000,8.590000,2339000
FENY,2020-04-21,8.350000,8.580000,8.210000,8.450000,8.450000,1232300
FENY,2020-04-22,8.800000,8.870000,8.620000,8.740000,8.740000,1348600
FENY,2020-04-23,9.000000,9.230000,8.910000,9.020000,9.020000,1227000
FENY,2020-04-24,9.200000,9.280000,8.900000,9.050000,9.050000,704600
FENY,2020-04-27,9.000000,9.300000,8.770000,9.240000,9.240000,2825700
FENY,2020-04-28,9.400000,9.500000,9.220000,9.440000,9.440000,858600
FENY,2020-04-29,9.790000,10.170000,9.750000,10.160000,10.160000,1881100
FENY,2020-04-30,10.210000,10.220000,9.800000,9.940000,9.940000,1097600
FENY,2020-05-01,9.770000,9.810000,9.270000,9.350000,9.350000,1670900
FENY,2020-05-04,9.210000,9.690000,9.150000,9.690000,9.690000,858300
FENY,2020-05-05,10.100000,10.170000,9.650000,9.680000,9.680000,916700
FENY,2020-05-06,9.750000,9.810000,9.420000,9.420000,9.420000,510300
FENY,2020-05-07,9.700000,9.850000,9.600000,9.650000,9.650000,1255900
FENY,2020-05-08,9.870000,10.100000,9.830000,10.090000,10.090000,747200
FENY,2020-05-11,10.040000,10.060000,9.880000,9.930000,9.930000,693700
FENY,2020-05-12,10.030000,10.040000,9.760000,9.760000,9.760000,830900
FENY,2020-05-13,9.690000,9.720000,9.240000,9.320000,9.320000,1155000
FENY,2020-05-14,9.150000,9.490000,8.920000,9.390000,9.390000,964400
FENY,2020-05-15,9.390000,9.610000,9.290000,9.390000,9.390000,462100
FENY,2020-05-18,9.930000,10.200000,9.870000,10.130000,10.130000,1446900
FENY,2020-05-19,10.200000,10.200000,9.860000,9.870000,9.870000,1132700
FENY,2020-05-20,10.100000,10.270000,10.030000,10.230000,10.230000,790900
FENY,2020-05-21,10.310000,10.320000,10.010000,10.100000,10.100000,1045600
FENY,2020-05-22,10.050000,10.050000,9.830000,10.040000,10.040000,655700
FENY,2020-05-26,10.350000,10.430000,10.290000,10.340000,10.340000,1012900
FENY,2020-05-27,10.490000,10.530000,10.160000,10.450000,10.450000,936000
FENY,2020-05-28,10.470000,10.470000,10.120000,10.150000,10.150000,885100
FENY,2020-05-29,10.120000,10.210000,9.920000,10.130000,10.130000,1064500
FENY,2020-06-01,10.100000,10.350000,9.980000,10.280000,10.280000,2169200
FENY,2020-06-02,10.390000,10.590000,10.390000,10.580000,10.580000,636700
FENY,2020-06-03,10.740000,10.940000,10.730000,10.890000,10.890000,1108300
FENY,2020-06-04,10.860000,10.960000,10.690000,10.910000,10.910000,1225400
FENY,2020-06-05,11.500000,11.850000,11.450000,11.760000,11.760000,2455900
FENY,2020-06-08,12.200000,12.320000,11.920000,12.310000,12.310000,2685800
FENY,2020-06-09,11.930000,11.960000,11.680000,11.860000,11.860000,1698900
FENY,2020-06-10,11.720000,11.750000,11.250000,11.250000,11.250000,2038700
FENY,2020-06-11,10.440000,10.770000,10.160000,10.190000,10.190000,2563400
FENY,2020-06-12,10.680000,10.740000,10.180000,10.470000,10.470000,1172700
FENY,2020-06-15,10.010000,10.610000,9.900000,10.500000,10.500000,1210800
FENY,2020-06-16,11.020000,11.030000,10.500000,10.800000,10.800000,1510400
