FIDU,2015-06-17,28.900000,28.959999,28.740000,28.910000,26.341560,14700
FIDU,2015-06-18,28.990000,29.270000,28.990000,29.209999,26.614895,14900
FIDU,2015-06-19,28.910000,29.100000,28.910000,28.959999,26.511452,18500
FIDU,2015-06-22,29.110001,29.139999,29.049999,29.080000,26.621309,19800
FIDU,2015-06-23,29.070000,29.110001,29.000000,29.040001,26.584688,13600
FIDU,2015-06-24,28.930000,29.030001,28.770000,28.799999,26.364981,34300
FIDU,2015-06-25,28.820000,28.830000,28.549999,28.580000,26.163586,34200
FIDU,2015-06-26,28.590000,28.680000,28.559999,28.620001,26.200207,12400
FIDU,2015-06-29,28.340000,28.500000,28.110001,28.120001,25.742477,25200
FIDU,2015-06-30,28.340000,28.360001,28.020000,28.150000,25.769938,1130200
FIDU,2015-07-01,28.330000,28.330000,28.100000,28.190001,25.806557,62600
FIDU,2015-07-02,28.270000,28.309999,28.120001,28.200001,25.815714,15800
FIDU,2015-07-06,28.000000,28.160000,27.910000,28.030001,25.660088,1215000
FIDU,2015-07-07,28.080000,28.200001,27.719999,28.190001,25.806557,33800
FIDU,2015-07-08,27.889999,27.969999,27.650000,27.700001,25.357986,24600
FIDU,2015-07-09,27.969999,28.059999,27.809999,27.820000,25.467840,32500
FIDU,2015-07-10,28.020000,28.090000,27.940001,28.059999,25.687550,53900
FIDU,2015-07-13,28.290001,28.350000,28.240000,28.340000,25.943876,20000
FIDU,2015-07-14,28.320000,28.469999,28.309999,28.430000,26.026264,19900
FIDU,2015-07-15,28.340000,28.440001,28.219999,28.270000,25.879791,59000
FIDU,2015-07-16,28.379999,28.459999,28.370001,28.410000,26.007961,40800
FIDU,2015-07-17,28.410000,28.450001,28.340000,28.410000,26.007961,24900
FIDU,2015-07-20,28.400000,28.459999,28.379999,28.379999,25.980494,397200
FIDU,2015-07-21,28.209999,28.250000,28.049999,28.100000,25.724167,17500
FIDU,2015-07-22,28.030001,28.100000,27.900000,27.920000,25.559389,32200
FIDU,2015-07-23,27.930000,27.980000,27.639999,27.680000,25.339680,65100
FIDU,2015-07-24,27.700001,27.700001,27.299999,27.360001,25.046736,28300
FIDU,2015-07-27,27.200001,27.260000,27.100000,27.180000,24.881952,114800
FIDU,2015-07-28,27.379999,27.680000,27.309999,27.629999,25.293907,51600
FIDU,2015-07-29,27.690001,28.070000,27.680000,28.059999,25.687550,23700
FIDU,2015-07-30,27.959999,28.049999,27.879999,28.049999,25.678392,10900
FIDU,2015-07-31,28.070000,28.129999,28.030001,28.030001,25.660088,28000
FIDU,2015-08-03,27.940001,28.000000,27.709999,27.830000,25.476995,271000
FIDU,2015-08-04,27.830000,27.980000,27.770000,27.820000,25.467840,71500
FIDU,2015-08-05,28.010000,28.139999,27.940001,27.980000,25.614311,18600
FIDU,2015-08-06,28.000000,28.000000,27.750000,27.809999,25.458687,39500
FIDU,2015-08-07,27.780001,27.780001,27.600000,27.670000,25.330526,10600
FIDU,2015-08-10,27.920000,28.240000,27.879999,28.200001,25.815714,18800
FIDU,2015-08-11,28.020000,28.020000,27.780001,27.920000,25.559389,21200
FIDU,2015-08-12,27.690001,27.940001,27.469999,27.900000,25.541073,32400
FIDU,2015-08-13,27.809999,27.940001,27.809999,27.840000,25.486149,60400
FIDU,2015-08-14,27.840000,28.070000,27.840000,28.040001,25.669245,12100
FIDU,2015-08-17,27.930000,28.190001,27.760000,28.160000,25.779099,149600
FIDU,2015-08-18,28.120001,28.160000,28.070000,28.120001,25.742477,10500
FIDU,2015-08-19,28.000000,28.059999,27.750000,27.850000,25.495306,20000
FIDU,2015-08-20,27.660000,27.660000,27.230000,27.240000,24.936876,26000
FIDU,2015-08-21,27.000000,27.040001,26.540001,26.559999,24.314371,41900
FIDU,2015-08-24,25.480000,26.370001,20.139999,25.690001,23.517929,1097700
FIDU,2015-08-25,26.200001,26.200001,25.330000,25.330000,23.188368,96800
FIDU,2015-08-26,25.860001,26.040001,25.340000,26.010000,23.810879,31300
FIDU,2015-08-27,26.290001,26.680000,26.219999,26.620001,24.369303,89400
FIDU,2015-08-28,26.549999,26.750000,26.530001,26.719999,24.460846,15800
FIDU,2015-08-31,26.580000,26.709999,26.450001,26.580000,24.332682,17500
FIDU,2015-09-01,26.049999,26.150000,25.670000,25.820000,23.636938,45600
FIDU,2015-09-02,26.100000,26.180000,25.910000,26.180000,23.966503,190000
FIDU,2015-09-03,26.379999,26.559999,26.280001,26.379999,24.149590,21200
FIDU,2015-09-04,26.049999,26.080000,25.940001,26.059999,23.856649,11600
FIDU,2015-09-08,26.410000,26.670000,26.379999,26.670000,24.415070,266700
FIDU,2015-09-09,26.850000,26.950001,26.360001,26.389999,24.158741,31500
FIDU,2015-09-10,26.389999,26.580000,26.350000,26.410000,24.177055,25700
FIDU,2015-09-11,26.350000,26.520000,26.280001,26.520000,24.277754,10400
FIDU,2015-09-14,26.540001,26.540001,26.340000,26.340000,24.112974,27200
FIDU,2015-09-15,26.459999,26.879999,26.459999,26.820000,24.552391,340500
FIDU,2015-09-16,26.840000,27.100000,26.840000,27.100000,24.808722,28500
FIDU,2015-09-17,27.030001,27.270000,26.879999,26.879999,24.607313,9700
FIDU,2015-09-18,26.360001,26.459999,26.129999,26.150000,24.085991,15600
FIDU,2015-09-21,26.309999,26.450001,26.180000,26.280001,24.205736,7200
FIDU,2015-09-22,25.930000,26.049999,25.750000,25.889999,23.846518,15700
FIDU,2015-09-23,25.940001,25.980000,25.639999,25.709999,23.680721,211200
FIDU,2015-09-24,25.480000,25.559999,25.209999,25.540001,23.524141,57400
FIDU,2015-09-25,25.730000,25.730000,25.540001,25.570000,23.551771,31200
FIDU,2015-09-28,25.410000,25.500000,25.040001,25.040001,23.063606,32300
FIDU,2015-09-29,25.090000,25.160000,25.010000,25.160000,23.174131,25100
FIDU,2015-09-30,25.379999,25.520000,25.270000,25.520000,23.505722,17200
FIDU,2015-10-01,25.559999,25.570000,25.250000,25.480000,23.468878,16600
FIDU,2015-10-02,25.190001,25.790001,25.139999,25.790001,23.754408,7200
FIDU,2015-10-05,26.020000,26.620001,26.020000,26.610001,24.509686,22700
FIDU,2015-10-06,26.590000,26.760000,26.590000,26.600000,24.500475,18100
FIDU,2015-10-07,26.770000,27.059999,26.770000,26.969999,24.841269,19200
FIDU,2015-10-08,26.920000,27.480000,26.920000,27.440001,25.274176,20100
FIDU,2015-10-09,27.490000,27.570000,27.389999,27.490000,25.320229,238400
FIDU,2015-10-12,27.459999,27.500000,27.350000,27.450001,25.283381,26900
FIDU,2015-10-13,27.280001,27.410000,27.139999,27.139999,24.997850,24300
FIDU,2015-10-14,27.139999,27.139999,26.820000,26.820000,24.703108,18800
FIDU,2015-10-15,26.920000,27.120001,26.820000,27.100000,24.961012,8200
FIDU,2015-10-16,27.219999,27.219999,26.889999,26.990000,24.859694,10500
FIDU,2015-10-19,26.879999,27.030001,26.860001,27.000000,24.868898,19200
FIDU,2015-10-20,26.950001,27.209999,26.900000,27.160000,25.016275,288100
FIDU,2015-10-21,27.280001,27.450001,27.170000,27.190001,25.043903,17700
FIDU,2015-10-22,27.469999,27.920000,27.469999,27.790001,25.596550,15300
FIDU,2015-10-23,27.980000,27.990000,27.750000,27.870001,25.670235,197900
FIDU,2015-10-26,27.870001,27.950001,27.780001,27.850000,25.651812,130000
FIDU,2015-10-27,27.660000,27.660000,27.440001,27.480000,25.311016,15800
FIDU,2015-10-28,27.590000,27.840000,27.490000,27.840000,25.642603,334900
FIDU,2015-10-29,27.770000,27.860001,27.690001,27.820000,25.624180,17300
FIDU,2015-10-30,27.840000,27.910000,27.780001,27.780001,25.587339,19900
FIDU,2015-11-02,27.889999,28.200001,27.840000,28.170000,25.946552,519000
FIDU,2015-11-03,28.090000,28.230000,28.070000,28.129999,25.909714,250900
FIDU,2015-11-04,28.200001,28.230000,28.040001,28.100000,25.882082,26400
FIDU,2015-11-05,28.090000,28.180000,27.930000,28.139999,25.918922,14500
FIDU,2015-11-06,28.139999,28.150000,27.850000,28.120001,25.900505,31100
FIDU,2015-11-09,28.049999,28.059999,27.670000,27.879999,25.679443,17700
FIDU,2015-11-10,27.799999,27.980000,27.750000,27.930000,25.725494,978000
FIDU,2015-11-11,27.990000,28.059999,27.900000,27.950001,25.743917,67700
FIDU,2015-11-12,27.709999,27.860001,27.490000,27.490000,25.320229,20400
FIDU,2015-11-13,27.400000,27.600000,27.350000,27.389999,25.228121,21800
FIDU,2015-11-16,27.330000,27.760000,27.330000,27.760000,25.568916,19400
FIDU,2015-11-17,27.730000,27.820000,27.650000,27.680000,25.495230,20900
FIDU,2015-11-18,27.790001,28.080000,27.750000,28.070000,25.854445,25000
FIDU,2015-11-19,28.080000,28.209999,28.059999,28.200001,25.974186,14900
FIDU,2015-11-20,28.270000,28.459999,28.270000,28.330000,26.093924,23200
FIDU,2015-11-23,28.299999,28.389999,28.129999,28.230000,26.001814,79500
FIDU,2015-11-24,28.059999,28.320000,28.040001,28.250000,26.020237,18300
FIDU,2015-11-25,28.290001,28.340000,28.250000,28.280001,26.047871,16200
FIDU,2015-11-27,28.270000,28.360001,28.250000,28.340000,26.103134,10700
FIDU,2015-11-30,28.350000,28.360001,28.150000,28.170000,25.946552,19500
FIDU,2015-12-01,28.219999,28.400000,28.139999,28.340000,26.103134,38500
FIDU,2015-12-02,28.320000,28.320000,27.950001,27.969999,25.762344,42400
FIDU,2015-12-03,28.100000,28.100000,27.540001,27.629999,25.449177,25500
FIDU,2015-12-04,27.700001,27.990000,27.650000,27.950001,25.743917,21600
FIDU,2015-12-07,27.879999,27.879999,27.680000,27.750000,25.559704,12100
FIDU,2015-12-08,27.510000,27.530001,27.299999,27.360001,25.200487,22000
FIDU,2015-12-09,27.309999,27.590000,27.120001,27.290001,25.136015,386200
FIDU,2015-12-10,27.440001,27.549999,27.270000,27.379999,25.218903,37900
FIDU,2015-12-11,27.280001,27.280001,26.860001,26.950001,24.822849,36200
FIDU,2015-12-14,26.990000,26.990000,26.670000,26.980000,24.850483,21600
FIDU,2015-12-15,27.030001,27.080000,26.950001,27.030001,24.896540,36500
FIDU,2015-12-16,27.129999,27.520000,27.100000,27.430000,25.264959,18700
FIDU,2015-12-17,27.559999,27.559999,27.049999,27.049999,24.914957,9100
FIDU,2015-12-18,26.830000,26.830000,26.500000,26.500000,24.514399,17700
FIDU,2015-12-21,26.639999,26.770000,26.570000,26.690001,24.690161,589300
FIDU,2015-12-22,26.809999,27.120001,26.709999,27.000000,24.976936,583600
FIDU,2015-12-23,27.170000,27.420000,27.170000,27.370001,25.319212,55000
FIDU,2015-12-24,27.260000,27.430000,27.260000,27.379999,25.328463,7300
FIDU,2015-12-28,27.260000,27.330000,27.120001,27.290001,25.245211,128300
FIDU,2015-12-29,27.389999,27.590000,27.389999,27.549999,25.494131,22600
FIDU,2015-12-30,27.500000,27.549999,27.309999,27.340000,25.299805,934500
FIDU,2015-12-31,27.280001,27.410000,27.139999,27.209999,25.179504,49200
FIDU,2016-01-04,26.750000,26.900000,26.530001,26.809999,24.809355,613600
FIDU,2016-01-05,26.850000,26.850000,26.690001,26.830000,24.827864,31900
FIDU,2016-01-06,26.500000,26.629999,26.280001,26.379999,24.411440,69400
FIDU,2016-01-07,25.969999,26.059999,25.600000,25.650000,23.735918,198300
FIDU,2016-01-08,25.850000,25.850000,25.299999,25.340000,23.449049,41200
FIDU,2016-01-11,25.469999,25.469999,25.150000,25.389999,23.495316,321400
FIDU,2016-01-12,25.540001,25.580000,25.190001,25.530001,23.624876,239300
FIDU,2016-01-13,25.610001,25.610001,24.820000,24.930000,23.069645,97500
FIDU,2016-01-14,24.990000,25.360001,24.760000,25.200001,23.319498,43000
FIDU,2016-01-15,24.580000,24.840000,24.430000,24.770000,22.921583,52100
FIDU,2016-01-19,24.990000,25.010000,24.450001,24.730000,22.884569,402600
FIDU,2016-01-20,24.320000,24.620001,23.770000,24.410000,22.588451,100500
FIDU,2016-01-21,24.440001,24.760000,24.309999,24.530001,22.699495,26700
FIDU,2016-01-22,24.830000,24.910000,24.559999,24.790001,22.940092,20900
FIDU,2016-01-25,24.719999,24.719999,24.389999,24.450001,22.625467,287100
FIDU,2016-01-26,24.530001,24.990000,24.500000,24.930000,23.069645,14800
FIDU,2016-01-27,24.840000,25.080000,24.620001,24.660000,22.819796,13300
FIDU,2016-01-28,24.840000,24.879999,24.620001,24.850000,22.995617,17800
FIDU,2016-01-29,24.950001,25.510000,24.950001,25.510000,23.606369,107200
FIDU,2016-02-01,25.370001,25.549999,25.209999,25.440001,23.541586,274800
FIDU,2016-02-02,25.219999,25.219999,24.850000,24.900000,23.041883,15400
FIDU,2016-02-03,25.070000,25.260000,24.639999,25.209999,23.328751,18300
FIDU,2016-02-04,25.230000,25.879999,25.230000,25.709999,23.791441,15300
FIDU,2016-02-05,25.610001,25.629999,25.330000,25.430000,23.532331,11600
FIDU,2016-02-08,25.120001,25.139999,24.860001,25.139999,23.263971,18800
FIDU,2016-02-09,24.889999,25.389999,24.889999,25.190001,23.310242,40200
FIDU,2016-02-10,25.400000,25.430000,25.120001,25.120001,23.245468,13500
FIDU,2016-02-11,24.690001,24.879999,24.340000,24.629999,22.792032,52700
FIDU,2016-02-12,24.820000,25.120001,24.820000,25.090000,23.217707,30600
FIDU,2016-02-16,25.430000,25.690001,25.290001,25.629999,23.717409,39600
FIDU,2016-02-17,25.860001,26.180000,25.799999,26.070000,24.124577,17200
FIDU,2016-02-18,26.110001,26.110001,25.980000,26.010000,24.069052,10800
FIDU,2016-02-19,25.879999,25.969999,25.730000,25.959999,24.022783,20900
FIDU,2016-02-22,26.209999,26.459999,26.209999,26.360001,24.392933,22300
FIDU,2016-02-23,26.260000,26.299999,26.049999,26.160000,24.207859,292700
FIDU,2016-02-24,25.850000,26.200001,25.700001,26.190001,24.235622,14400
FIDU,2016-02-25,26.280001,26.450001,26.180000,26.450001,24.476215,16200
FIDU,2016-02-26,26.639999,26.770000,26.559999,26.590000,24.605770,14000
FIDU,2016-02-29,26.610001,26.719999,26.440001,26.450001,24.476215,68200
FIDU,2016-03-01,26.610001,26.969999,26.590000,26.900000,24.892635,18000
FIDU,2016-03-02,26.910000,27.090000,26.900000,27.090000,25.068462,136600
FIDU,2016-03-03,27.070000,27.299999,27.070000,27.250000,25.216522,20700
FIDU,2016-03-04,27.270000,27.600000,27.230000,27.440001,25.392342,12100
FIDU,2016-03-07,27.360001,27.570000,27.320000,27.549999,25.494131,1438600
FIDU,2016-03-08,27.350000,27.350000,27.120001,27.170000,25.142490,44900
FIDU,2016-03-09,27.250000,27.290001,27.110001,27.240000,25.207264,48600
FIDU,2016-03-10,27.290001,27.330000,26.870001,27.139999,25.114729,19500
FIDU,2016-03-11,27.350000,27.580000,27.340000,27.570000,25.512640,50500
FIDU,2016-03-14,27.450001,27.590000,27.430000,27.540001,25.484880,101000
FIDU,2016-03-15,27.320000,27.480000,27.320000,27.469999,25.420103,28100
FIDU,2016-03-16,27.469999,27.730000,27.410000,27.730000,25.660700,14400
FIDU,2016-03-17,27.750000,28.370001,27.709999,28.299999,26.188164,52300
FIDU,2016-03-18,28.340000,28.469999,28.320000,28.400000,26.372961,40500
FIDU,2016-03-21,28.400000,28.480000,28.309999,28.469999,26.437967,24900
FIDU,2016-03-22,28.370001,28.500000,28.330000,28.400000,26.372961,249700
FIDU,2016-03-23,28.350000,28.350000,28.170000,28.190001,26.177950,22400
FIDU,2016-03-24,27.990000,28.139999,27.920000,28.139999,26.131517,67900
FIDU,2016-03-28,28.200001,28.230000,28.020000,28.139999,26.131517,471400
FIDU,2016-03-29,28.100000,28.440001,27.950001,28.389999,26.363676,27900
FIDU,2016-03-30,28.520000,28.650000,28.450001,28.510000,26.475111,74400
FIDU,2016-03-31,28.570000,28.690001,28.350000,28.420000,26.391537,45900
FIDU,2016-04-01,28.219999,28.570000,28.049999,28.520000,26.484398,195500
FIDU,2016-04-04,28.520000,28.520000,28.200001,28.209999,26.196522,310600
FIDU,2016-04-05,28.010000,28.150000,27.920000,28.030001,26.029369,46200
FIDU,2016-04-06,28.059999,28.190001,27.809999,28.190001,26.177950,217400
FIDU,2016-04-07,28.440001,28.440001,27.840000,27.920000,25.927225,41000
FIDU,2016-04-08,28.110001,28.309999,28.030001,28.080000,26.075802,28900
FIDU,2016-04-11,28.170000,28.350000,28.049999,28.049999,26.047943,241700
FIDU,2016-04-12,28.059999,28.340000,28.059999,28.270000,26.252241,19800
FIDU,2016-04-13,28.450001,28.730000,28.450001,28.730000,26.679411,171000
FIDU,2016-04-14,28.770000,28.780001,28.620001,28.680000,26.632980,134600
FIDU,2016-04-15,28.700001,28.760000,28.670000,28.730000,26.679411,33000
FIDU,2016-04-18,28.660000,28.879999,28.629999,28.830000,26.772270,35600
FIDU,2016-04-19,28.889999,29.080000,28.870001,28.980000,26.911566,42800
FIDU,2016-04-20,29.020000,29.100000,28.930000,28.969999,26.902283,308800
FIDU,2016-04-21,28.959999,29.059999,28.850000,28.860001,26.800131,39300
FIDU,2016-04-22,28.959999,29.040001,28.850000,28.990000,26.920851,64700
FIDU,2016-04-25,28.980000,28.980000,28.690001,28.780001,26.725838,236200
FIDU,2016-04-26,28.879999,29.100000,28.879999,29.100000,27.023001,34200
FIDU,2016-04-27,29.170000,29.410000,29.120001,29.350000,27.255159,43100
FIDU,2016-04-28,29.180000,29.370001,29.000000,29.010000,26.939421,30700
FIDU,2016-04-29,28.940001,29.010000,28.719999,28.879999,26.818701,34600
FIDU,2016-05-02,28.959999,29.059999,28.799999,29.049999,26.976566,179800
FIDU,2016-05-03,28.889999,28.889999,28.570000,28.709999,26.660835,537100
FIDU,2016-05-04,28.629999,28.629999,28.290001,28.400000,26.372961,53600
FIDU,2016-05-05,28.510000,28.549999,28.340000,28.340000,26.317240,20200
FIDU,2016-05-06,28.270000,28.600000,28.270000,28.549999,26.512255,19700
FIDU,2016-05-09,28.480000,28.530001,28.400000,28.459999,26.428680,123500
FIDU,2016-05-10,28.510000,28.950001,28.510000,28.940001,26.874420,29500
FIDU,2016-05-11,28.930000,28.969999,28.709999,28.709999,26.660835,57100
FIDU,2016-05-12,28.799999,28.799999,28.520000,28.650000,26.605122,27700
FIDU,2016-05-13,28.620001,28.629999,28.250000,28.320000,26.298670,42600
FIDU,2016-05-16,28.360001,28.700001,28.360001,28.620001,26.577263,18900
FIDU,2016-05-17,28.540001,28.750000,28.350000,28.430000,26.400820,22300
FIDU,2016-05-18,28.420000,28.629999,28.280001,28.350000,26.326529,13400
FIDU,2016-05-19,28.180000,28.280001,27.950001,28.160000,26.150093,23100
FIDU,2016-05-20,28.299999,28.450001,28.290001,28.330000,26.307957,22000
FIDU,2016-05-23,28.370001,28.379999,28.260000,28.260000,26.242954,16700
FIDU,2016-05-24,28.549999,28.690001,28.549999,28.629999,26.586548,17800
FIDU,2016-05-25,28.770000,28.910000,28.750000,28.830000,26.772270,156500
FIDU,2016-05-26,28.910000,28.940001,28.780001,28.799999,26.744413,24600
FIDU,2016-05-27,28.799999,28.889999,28.799999,28.879999,26.818701,23500
FIDU,2016-05-31,28.930000,29.000000,28.840000,28.930000,26.865131,22400
FIDU,2016-06-01,28.770000,28.959999,28.700001,28.910000,26.846563,27800
FIDU,2016-06-02,28.930000,29.000000,28.840000,28.980000,26.911566,26100
FIDU,2016-06-03,28.959999,29.010000,28.770000,28.990000,26.920851,26100
FIDU,2016-06-06,29.040001,29.290001,29.040001,29.260000,27.171585,13700
FIDU,2016-06-07,29.320000,29.480000,29.320000,29.389999,27.292301,29100
FIDU,2016-06-08,29.490000,29.600000,29.490000,29.580000,27.468742,83000
FIDU,2016-06-09,29.469999,29.549999,29.340000,29.530001,27.422304,17400
FIDU,2016-06-10,29.350000,29.350000,29.100000,29.180000,27.097290,17100
FIDU,2016-06-13,29.080000,29.209999,28.879999,28.879999,26.818701,104700
FIDU,2016-06-14,28.860001,28.940001,28.740000,28.910000,26.846563,21900
FIDU,2016-06-15,29.030001,29.150000,28.920000,28.920000,26.855848,10600
FIDU,2016-06-16,28.799999,29.040001,28.610001,28.980000,26.911566,16700
FIDU,2016-06-17,28.879999,28.980000,28.809999,28.879999,26.952629,19100
FIDU,2016-06-20,29.170000,29.430000,29.170000,29.209999,27.260601,27800
FIDU,2016-06-21,29.190001,29.200001,29.090000,29.139999,27.195276,35700
FIDU,2016-06-22,29.190001,29.260000,29.049999,29.059999,27.120617,66700
FIDU,2016-06-23,29.299999,29.410000,29.270000,29.410000,27.447256,14700
FIDU,2016-06-24,28.350000,28.680000,28.030001,28.250000,26.364674,75200
FIDU,2016-06-27,28.020000,28.020000,27.350000,27.490000,25.655396,112700
FIDU,2016-06-28,27.870001,28.080000,27.709999,27.900000,26.038029,116200
FIDU,2016-06-29,28.240000,28.510000,28.200001,28.420000,26.523327,143800
FIDU,2016-06-30,28.510000,29.000000,28.510000,29.000000,27.064621,28900
FIDU,2016-07-01,28.980000,29.240000,28.980000,29.100000,27.157946,98900
FIDU,2016-07-05,29.010000,29.010000,28.670000,28.820000,26.896635,18200
FIDU,2016-07-06,28.820000,29.000000,28.639999,28.990000,27.055288,32700
FIDU,2016-07-07,29.000000,29.209999,28.930000,29.040001,27.101954,211800
FIDU,2016-07-08,29.250000,29.680000,29.250000,29.610001,27.633911,54500
FIDU,2016-07-11,29.750000,29.910000,29.750000,29.830000,27.839228,36100
FIDU,2016-07-12,29.990000,30.120001,29.910000,30.059999,28.053879,164500
FIDU,2016-07-13,30.139999,30.150000,30.000000,30.110001,28.100544,91500
FIDU,2016-07-14,30.330000,30.450001,30.270000,30.330000,28.305857,172700
FIDU,2016-07-15,30.500000,30.500000,30.260000,30.350000,28.324524,24800
FIDU,2016-07-18,30.370001,30.379999,30.219999,30.320000,28.296528,62300
FIDU,2016-07-19,30.270000,30.370001,30.120001,30.290001,28.268528,23300
FIDU,2016-07-20,30.320000,30.480000,30.290001,30.400000,28.371189,19700
FIDU,2016-07-21,30.370001,30.410000,30.100000,30.190001,28.175203,31200
FIDU,2016-07-22,30.000000,30.200001,29.719999,30.190001,28.175203,31200
FIDU,2016-07-25,30.180000,30.180000,29.950001,30.030001,28.025883,129300
FIDU,2016-07-26,30.040001,30.270000,30.040001,30.270000,28.249861,24000
FIDU,2016-07-27,30.370001,30.370001,30.090000,30.160000,28.147207,20800
FIDU,2016-07-28,30.110001,30.200001,30.020000,30.170000,28.156540,25300
FIDU,2016-07-29,30.090000,30.170000,29.980000,30.139999,28.128542,19200
FIDU,2016-08-01,30.209999,30.209999,29.990000,30.059999,28.053879,61300
FIDU,2016-08-02,30.020000,30.020000,29.719999,29.830000,27.839228,29200
FIDU,2016-08-03,29.780001,29.980000,29.750000,29.910000,27.913889,33200
FIDU,2016-08-04,29.990000,30.100000,29.940001,29.969999,27.969883,22100
FIDU,2016-08-05,30.120001,30.320000,30.120001,30.280001,28.259195,25300
FIDU,2016-08-08,30.379999,30.430000,30.270000,30.290001,28.268528,48000
FIDU,2016-08-09,30.340000,30.389999,30.250000,30.320000,28.296528,59600
FIDU,2016-08-10,30.350000,30.350000,30.209999,30.270000,28.249861,15200
FIDU,2016-08-11,30.370001,30.520000,30.360001,30.500000,28.464512,24400
FIDU,2016-08-12,30.459999,30.459999,30.340000,30.370001,28.343191,18400
FIDU,2016-08-15,30.430000,30.629999,30.430000,30.590000,28.548512,59900
FIDU,2016-08-16,30.540001,30.540001,30.410000,30.410000,28.380520,70700
FIDU,2016-08-17,30.410000,30.520000,30.350000,30.469999,28.436518,21900
FIDU,2016-08-18,30.490000,30.620001,30.490000,30.620001,28.576508,14800
FIDU,2016-08-19,30.520000,30.680000,30.520000,30.650000,28.604504,11300
FIDU,2016-08-22,30.610001,30.660000,30.540001,30.650000,28.604504,12100
FIDU,2016-08-23,30.719999,30.790001,30.690001,30.700001,28.651167,48700
FIDU,2016-08-24,30.700001,30.700001,30.559999,30.590000,28.548512,14500
FIDU,2016-08-25,30.570000,30.650000,30.530001,30.549999,28.511177,12800
FIDU,2016-08-26,30.639999,30.799999,30.440001,30.480000,28.445848,12400
FIDU,2016-08-29,30.549999,30.719999,30.549999,30.690001,28.641832,33000
FIDU,2016-08-30,30.690001,30.690001,30.570000,30.600000,28.557840,15000
FIDU,2016-08-31,30.590000,30.590000,30.330000,30.440001,28.408520,18000
FIDU,2016-09-01,30.480000,30.549999,30.240000,30.459999,28.427183,25300
FIDU,2016-09-02,30.600000,30.730000,30.530001,30.650000,28.604504,31800
FIDU,2016-09-06,30.660000,30.660000,30.440001,30.540001,28.501842,37700
FIDU,2016-09-07,30.490000,30.559999,30.430000,30.510000,28.473848,58400
FIDU,2016-09-08,30.490000,30.510000,30.389999,30.500000,28.464512,42800
FIDU,2016-09-09,30.299999,30.320000,29.670000,29.670000,27.689903,31900
FIDU,2016-09-12,29.459999,30.030001,29.440001,29.969999,27.969883,23100
FIDU,2016-09-13,29.760000,29.770000,29.450001,29.500000,27.531254,26100
FIDU,2016-09-14,29.520000,29.660000,29.420000,29.430000,27.465925,30200
FIDU,2016-09-15,29.469999,29.730000,29.469999,29.690001,27.708576,43700
FIDU,2016-09-16,29.490000,29.490000,29.280001,29.320000,27.498487,13000
FIDU,2016-09-19,29.440001,29.670000,29.430000,29.459999,27.629786,36800
FIDU,2016-09-20,29.610001,29.610001,29.469999,29.469999,27.639170,32300
FIDU,2016-09-21,29.549999,29.879999,29.530001,29.830000,27.976805,23700
FIDU,2016-09-22,30.000000,30.180000,30.000000,30.110001,28.239416,30000
FIDU,2016-09-23,30.059999,30.059999,29.879999,29.910000,28.051832,14100
FIDU,2016-09-26,29.780001,29.870001,29.730000,29.750000,27.901773,15300
FIDU,2016-09-27,29.770000,29.950001,29.670000,29.920000,28.061216,10700
FIDU,2016-09-28,29.969999,30.170000,29.860001,30.170000,28.295685,32300
FIDU,2016-09-29,30.139999,30.230000,29.860001,30.049999,28.183138,9700
FIDU,2016-09-30,30.030001,30.290001,30.030001,30.240000,28.361332,40200
FIDU,2016-10-03,30.090000,30.209999,30.049999,30.200001,28.323816,126800
FIDU,2016-10-04,30.240000,30.240000,29.900000,29.940001,28.079973,22200
FIDU,2016-10-05,30.090000,30.209999,30.080000,30.129999,28.258171,19900
FIDU,2016-10-06,30.120001,30.200001,30.000000,30.170000,28.295685,25500
FIDU,2016-10-07,30.030001,30.030001,29.660000,29.809999,27.958046,24900
FIDU,2016-10-10,29.910000,29.990000,29.790001,29.820000,27.967424,42300
FIDU,2016-10-11,29.770000,29.770000,29.350000,29.480000,27.648546,116900
FIDU,2016-10-12,29.480000,29.600000,29.389999,29.540001,27.704823,22000
FIDU,2016-10-13,29.379999,29.490000,29.170000,29.420000,27.592276,108000
FIDU,2016-10-14,29.559999,29.680000,29.450001,29.459999,27.629786,30100
FIDU,2016-10-17,29.410000,29.530001,29.400000,29.430000,27.601654,63200
FIDU,2016-10-18,29.650000,29.650000,29.459999,29.469999,27.639170,20600
FIDU,2016-10-19,29.540001,29.639999,29.490000,29.610001,27.770472,16200
FIDU,2016-10-20,29.500000,29.500000,29.350000,29.379999,27.554756,22900
FIDU,2016-10-21,29.059999,29.379999,29.049999,29.379999,27.554756,30800
FIDU,2016-10-24,29.490000,29.650000,29.440001,29.469999,27.639170,32200
FIDU,2016-10-25,29.389999,29.420000,29.299999,29.320000,27.498487,102700
FIDU,2016-10-26,29.180000,29.520000,29.180000,29.450001,27.620413,28200
FIDU,2016-10-27,29.490000,29.490000,29.160000,29.230000,27.414078,18700
FIDU,2016-10-28,29.280001,29.559999,29.280001,29.370001,27.545385,25300
FIDU,2016-10-31,29.480000,29.540001,29.450001,29.450001,27.620413,71000
FIDU,2016-11-01,29.490000,29.500000,29.010000,29.160000,27.348429,71800
FIDU,2016-11-02,29.129999,29.250000,28.959999,29.049999,27.245262,46500
FIDU,2016-11-03,29.090000,29.090000,28.910000,28.959999,27.160852,33400
FIDU,2016-11-04,29.020000,29.270000,28.920000,29.020000,27.217129,37300
FIDU,2016-11-07,29.450001,29.700001,29.350000,29.700001,27.854881,44400
FIDU,2016-11-08,29.660000,29.940001,29.610001,29.850000,27.995564,47400
FIDU,2016-11-09,29.809999,30.820000,29.809999,30.709999,28.802132,227400
FIDU,2016-11-10,31.000000,31.440001,30.940001,31.370001,29.421133,295700
FIDU,2016-11-11,31.270000,31.540001,31.270000,31.540001,29.580570,258400
FIDU,2016-11-14,31.770000,32.000000,31.629999,31.709999,29.740007,304300
FIDU,2016-11-15,31.870001,31.870001,31.500000,31.799999,29.824419,348800
FIDU,2016-11-16,31.790001,31.790001,31.549999,31.600000,29.636841,256000
FIDU,2016-11-17,31.780001,31.780001,31.639999,31.700001,29.730633,203400
FIDU,2016-11-18,31.809999,31.809999,31.610001,31.700001,29.730633,218100
FIDU,2016-11-21,31.820000,32.049999,31.719999,31.860001,29.880690,299700
FIDU,2016-11-22,32.119999,32.119999,31.930000,32.070000,30.077644,231600
FIDU,2016-11-23,32.349998,32.349998,32.150002,32.330002,30.321491,207700
FIDU,2016-11-25,32.599998,32.599998,32.340000,32.480000,30.462172,70800
FIDU,2016-11-28,32.470001,32.500000,32.200001,32.240002,30.237082,150600
FIDU,2016-11-29,32.270000,32.330002,32.130001,32.220001,30.218327,219500
FIDU,2016-11-30,32.340000,32.480000,32.250000,32.310001,30.302736,151500
FIDU,2016-12-01,32.340000,32.520000,32.320000,32.490002,30.471552,173500
FIDU,2016-12-02,32.520000,32.529999,32.340000,32.430000,30.415276,127300
FIDU,2016-12-05,32.660000,32.669998,32.439999,32.500000,30.480927,173300
FIDU,2016-12-06,32.650002,32.650002,32.380001,32.610001,30.584101,201700
FIDU,2016-12-07,32.689999,33.150002,32.599998,33.130001,31.071793,160700
FIDU,2016-12-08,33.439999,33.439999,32.930000,33.020000,30.968618,182200
FIDU,2016-12-09,33.080002,33.180000,33.009998,33.160000,31.099924,178500
FIDU,2016-12-12,33.160000,33.160000,32.849998,33.040001,30.987383,148900
FIDU,2016-12-13,33.250000,33.250000,32.830002,32.919998,30.874834,106500
FIDU,2016-12-14,32.939999,33.000000,32.549999,32.549999,30.527821,99300
FIDU,2016-12-15,32.639999,32.820000,32.560001,32.599998,30.574717,149200
FIDU,2016-12-16,32.540001,32.650002,32.389999,32.419998,30.532337,77800
FIDU,2016-12-19,32.610001,32.639999,32.470001,32.580002,30.683023,67700
FIDU,2016-12-20,32.740002,32.820000,32.619999,32.790001,30.880793,87000
FIDU,2016-12-21,32.779999,32.820000,32.689999,32.709999,30.805452,90100
FIDU,2016-12-22,32.650002,32.700001,32.529999,32.619999,30.720692,62100
FIDU,2016-12-23,32.610001,32.669998,32.560001,32.639999,30.739525,54200
FIDU,2016-12-27,32.669998,32.790001,32.660000,32.689999,30.786612,168000
FIDU,2016-12-28,32.790001,32.840000,32.360001,32.380001,30.494667,70300
FIDU,2016-12-29,32.490002,32.500000,32.279999,32.369999,30.485250,64000
FIDU,2016-12-30,32.400002,32.410000,32.160000,32.220001,30.343983,89000
FIDU,2017-01-03,32.500000,32.680000,32.310001,32.459999,30.570009,170800
FIDU,2017-01-04,32.630001,32.700001,32.560001,32.680000,30.777199,169900
FIDU,2017-01-05,32.680000,32.810001,32.400002,32.549999,30.654768,125700
FIDU,2017-01-06,32.599998,32.790001,32.490002,32.660000,30.758364,179900
FIDU,2017-01-09,32.709999,32.709999,32.369999,32.400002,30.513506,103900
FIDU,2017-01-10,32.369999,32.650002,32.369999,32.540001,30.645351,207500
FIDU,2017-01-11,32.560001,32.700001,32.509998,32.680000,30.777199,109600
FIDU,2017-01-12,32.709999,32.709999,32.259998,32.590000,30.692442,78700
FIDU,2017-01-13,32.689999,32.770000,32.660000,32.730000,30.824287,58300
FIDU,2017-01-17,32.669998,32.669998,32.349998,32.389999,30.504080,127500
FIDU,2017-01-18,32.509998,32.630001,32.410000,32.590000,30.692442,162900
FIDU,2017-01-19,32.779999,32.919998,32.570000,32.730000,30.824287,57000
FIDU,2017-01-20,32.680000,32.759998,32.549999,32.689999,30.786612,111000
FIDU,2017-01-23,32.650002,32.709999,32.369999,32.529999,30.635933,64900
FIDU,2017-01-24,32.580002,33.000000,32.580002,32.950001,31.031475,92100
FIDU,2017-01-25,33.209999,33.360001,33.110001,33.340000,31.398766,243900
FIDU,2017-01-26,33.380001,33.459999,33.180000,33.320000,31.379930,121700
FIDU,2017-01-27,33.310001,33.389999,33.209999,33.270000,31.332846,196000
FIDU,2017-01-30,33.180000,33.180000,32.730000,33.029999,31.106821,243600
FIDU,2017-01-31,32.919998,32.919998,32.570000,32.759998,30.852541,132800
FIDU,2017-02-01,32.869999,32.919998,32.549999,32.750000,30.843122,176100
FIDU,2017-02-02,32.689999,32.709999,32.529999,32.599998,30.701855,89500
FIDU,2017-02-03,32.759998,32.959999,32.689999,32.939999,31.022058,153600
FIDU,2017-02-06,32.939999,33.020000,32.799999,32.860001,30.946716,97200
FIDU,2017-02-07,33.020000,33.189999,32.900002,32.950001,31.031475,296700
FIDU,2017-02-08,32.939999,32.939999,32.770000,32.880001,30.965551,116600
FIDU,2017-02-09,32.950001,33.189999,32.900002,33.130001,31.201002,74300
FIDU,2017-02-10,33.250000,33.419998,33.200001,33.389999,31.445856,133600
FIDU,2017-02-13,33.540001,33.730000,33.540001,33.669998,31.709549,217800
FIDU,2017-02-14,33.630001,33.689999,33.509998,33.660000,31.700138,119300
FIDU,2017-02-15,33.660000,33.880001,33.630001,33.840000,31.869654,304700
FIDU,2017-02-16,33.849998,33.860001,33.650002,33.860001,31.888493,106900
FIDU,2017-02-17,33.790001,33.860001,33.680000,33.849998,31.879072,79200
FIDU,2017-02-21,33.959999,34.080002,33.930000,34.070000,32.086269,340500
FIDU,2017-02-22,33.980000,34.000000,33.860001,33.939999,31.963833,92600
FIDU,2017-02-23,34.029999,34.080002,33.610001,33.700001,31.737808,85600
FIDU,2017-02-24,33.540001,33.869999,33.509998,33.869999,31.897915,64300
FIDU,2017-02-27,33.830002,34.070000,33.770000,34.070000,32.086269,165200
FIDU,2017-02-28,34.049999,34.070000,33.779999,33.810001,31.841402,106600
FIDU,2017-03-01,34.180000,34.540001,34.160000,34.459999,32.453560,212200
FIDU,2017-03-02,34.459999,34.459999,34.070000,34.099998,32.114517,416000
FIDU,2017-03-03,34.090000,34.150002,33.959999,34.110001,32.123943,74500
FIDU,2017-03-06,33.970001,34.049999,33.900002,34.029999,32.048595,91300
FIDU,2017-03-07,33.970001,34.049999,33.860001,33.900002,31.926163,68900
FIDU,2017-03-08,33.919998,33.959999,33.730000,33.759998,31.794312,69500
FIDU,2017-03-09,33.730000,33.830002,33.439999,33.570000,31.615377,78200
FIDU,2017-03-10,33.779999,33.849998,33.570000,33.840000,31.869654,109900
FIDU,2017-03-13,33.849998,33.880001,33.759998,33.849998,31.879072,80000
FIDU,2017-03-14,33.750000,33.750000,33.490002,33.610001,31.653051,47000
FIDU,2017-03-15,33.660000,34.099998,33.650002,34.000000,32.020340,53100
FIDU,2017-03-16,34.110001,34.110001,33.830002,33.869999,31.897915,93800
FIDU,2017-03-17,33.799999,33.959999,33.740002,33.910000,32.082405,67800
FIDU,2017-03-20,33.919998,33.919998,33.740002,33.779999,31.959408,97300
FIDU,2017-03-21,33.869999,33.919998,33.169998,33.209999,31.420126,148500
FIDU,2017-03-22,33.220001,33.389999,33.099998,33.320000,31.524195,107100
FIDU,2017-03-23,33.310001,33.490002,33.240002,33.279999,31.486353,64700
FIDU,2017-03-24,33.340000,33.459999,33.040001,33.160000,31.372824,57100
FIDU,2017-03-27,32.919998,33.130001,32.660000,33.070000,31.287668,139800
FIDU,2017-03-28,32.980000,33.500000,32.810001,33.419998,31.618807,143700
FIDU,2017-03-29,33.380001,33.470001,33.270000,33.450001,31.647190,25000
FIDU,2017-03-30,33.450001,33.680000,33.450001,33.660000,31.845873,55500
FIDU,2017-03-31,33.570000,33.720001,33.570000,33.570000,31.760715,39900
FIDU,2017-04-03,33.650002,33.730000,33.259998,33.419998,31.618807,154800
FIDU,2017-04-04,33.400002,33.490002,33.369999,33.450001,31.647190,24600
FIDU,2017-04-05,33.610001,33.869999,33.310001,33.320000,31.524195,59400
FIDU,2017-04-06,33.389999,33.610001,33.340000,33.470001,31.666119,44500
FIDU,2017-04-07,33.540001,33.619999,33.470001,33.520000,31.713421,48700
FIDU,2017-04-10,33.520000,33.820000,33.500000,33.599998,31.789110,133800
FIDU,2017-04-11,33.590000,33.689999,33.389999,33.650002,31.836414,68100
FIDU,2017-04-12,33.660000,33.660000,33.150002,33.169998,31.382282,82700
FIDU,2017-04-13,33.139999,33.240002,32.950001,32.950001,31.174145,51600
FIDU,2017-04-17,33.049999,33.290001,32.980000,33.270000,31.476896,72800
FIDU,2017-04-18,33.160000,33.290001,33.099998,33.270000,31.476896,49300
FIDU,2017-04-19,33.369999,33.459999,33.250000,33.299999,31.505276,46700
FIDU,2017-04-20,33.439999,33.799999,33.439999,33.680000,31.864803,40600
FIDU,2017-04-21,33.680000,33.799999,33.610001,33.730000,31.912096,53900
FIDU,2017-04-24,34.099998,34.200001,34.000000,34.169998,32.328384,60700
FIDU,2017-04-25,34.270000,34.439999,34.250000,34.330002,32.479763,159100
FIDU,2017-04-26,34.369999,34.549999,34.349998,34.389999,32.536530,74100
FIDU,2017-04-27,34.450001,34.540001,34.310001,34.419998,32.564911,62500
FIDU,2017-04-28,34.480000,34.480000,34.180000,34.220001,32.375698,49600
FIDU,2017-05-01,34.310001,34.349998,34.060001,34.169998,32.328384,215400
FIDU,2017-05-02,34.200001,34.259998,34.139999,34.209999,32.366230,61700
FIDU,2017-05-03,34.180000,34.250000,34.040001,34.250000,32.404079,65600
FIDU,2017-05-04,34.279999,34.320000,34.040001,34.200001,32.356766,73900
FIDU,2017-05-05,34.220001,34.430000,34.200001,34.430000,32.574368,40300
FIDU,2017-05-08,34.419998,34.419998,34.259998,34.270000,32.422997,35800
FIDU,2017-05-09,34.330002,34.369999,34.250000,34.330002,32.479763,92000
FIDU,2017-05-10,34.270000,34.310001,34.099998,34.200001,32.356766,26700
FIDU,2017-05-11,34.110001,34.200001,33.849998,34.160000,32.318932,34700
FIDU,2017-05-12,34.060001,34.060001,33.889999,33.900002,32.072941,41100
FIDU,2017-05-15,34.040001,34.150002,33.970001,34.119999,32.281082,53300
FIDU,2017-05-16,34.139999,34.139999,33.950001,34.029999,32.195934,37300
FIDU,2017-05-17,33.759998,33.770000,33.340000,33.369999,31.571507,106200
FIDU,2017-05-18,33.250000,33.570000,33.060001,33.419998,31.618807,61100
FIDU,2017-05-19,33.520000,33.990002,33.490002,33.830002,32.006714,50800
FIDU,2017-05-22,34.020000,34.119999,33.959999,34.099998,32.262161,56000
FIDU,2017-05-23,34.169998,34.180000,34.000000,34.119999,32.281082,43000
FIDU,2017-05-24,34.160000,34.290001,34.070000,34.169998,32.328384,32300
FIDU,2017-05-25,34.209999,34.349998,34.180000,34.310001,32.460846,44700
FIDU,2017-05-26,34.270000,34.349998,34.240002,34.330002,32.479763,29400
FIDU,2017-05-30,34.230000,34.349998,34.160000,34.340000,32.489227,90500
FIDU,2017-05-31,34.320000,34.400002,34.130001,34.360001,32.508152,40100
FIDU,2017-06-01,34.439999,34.700001,34.400002,34.549999,32.687904,105900
FIDU,2017-06-02,34.730000,34.980000,34.700001,34.799999,32.924431,49800
FIDU,2017-06-05,34.840000,34.840000,34.680000,34.680000,32.810898,102900
FIDU,2017-06-06,34.560001,34.560001,34.340000,34.419998,32.564911,33900
FIDU,2017-06-07,34.459999,34.470001,34.240002,34.330002,32.479763,31100
FIDU,2017-06-08,34.360001,34.560001,34.330002,34.500000,32.640610,31300
FIDU,2017-06-09,34.570000,34.730000,34.509998,34.700001,32.829823,34900
FIDU,2017-06-12,34.799999,34.930000,34.689999,34.880001,33.000122,62900
FIDU,2017-06-13,34.919998,35.029999,34.869999,35.020000,33.132580,105600
FIDU,2017-06-14,35.040001,35.040001,34.860001,34.930000,33.047432,31600
FIDU,2017-06-15,34.720001,35.099998,34.720001,35.099998,33.208263,25500
FIDU,2017-06-16,35.029999,35.090000,34.910000,35.090000,33.322224,76700
FIDU,2017-06-19,35.200001,35.299999,35.130001,35.250000,33.474163,59500
FIDU,2017-06-20,35.240002,35.240002,34.869999,34.869999,33.113300,57600
FIDU,2017-06-21,34.950001,34.950001,34.560001,34.560001,32.818928,40700
FIDU,2017-06-22,34.529999,34.580002,34.459999,34.509998,32.771439,51600
FIDU,2017-06-23,34.560001,34.689999,34.509998,34.669998,32.923374,31400
FIDU,2017-06-26,34.740002,34.849998,34.619999,34.650002,32.904385,32600
FIDU,2017-06-27,34.650002,34.660000,34.410000,34.410000,32.676479,34300
FIDU,2017-06-28,34.560001,34.840000,34.560001,34.790001,33.037331,25600
FIDU,2017-06-29,34.820000,34.950001,34.290001,34.459999,32.723965,33200
FIDU,2017-06-30,34.590000,34.869999,34.590000,34.790001,33.037331,42800
FIDU,2017-07-03,34.869999,35.099998,34.849998,35.009998,33.246250,99300
FIDU,2017-07-05,35.029999,35.060001,34.900002,35.060001,33.293736,89400
FIDU,2017-07-06,34.849998,34.919998,34.599998,34.680000,32.932880,74300
FIDU,2017-07-07,34.720001,34.980000,34.669998,34.939999,33.179771,68000
FIDU,2017-07-10,34.889999,35.139999,34.880001,34.990002,33.227261,39700
FIDU,2017-07-11,34.950001,35.060001,34.790001,35.009998,33.246250,60200
FIDU,2017-07-12,35.209999,35.360001,35.130001,35.189999,33.417183,92300
FIDU,2017-07-13,35.180000,35.200001,35.060001,35.189999,33.417183,30300
FIDU,2017-07-14,35.200001,35.400002,35.200001,35.330002,33.550133,26500
FIDU,2017-07-17,35.290001,35.380001,35.230000,35.320000,33.540634,32300
FIDU,2017-07-18,35.270000,35.290001,35.110001,35.250000,33.474163,34700
FIDU,2017-07-19,35.259998,35.369999,35.189999,35.330002,33.550133,55200
FIDU,2017-07-20,35.400002,35.400002,35.180000,35.230000,33.455166,59400
FIDU,2017-07-21,35.000000,35.169998,34.939999,35.150002,33.379200,33500
FIDU,2017-07-24,35.020000,35.049999,34.970001,35.020000,33.255749,47300
FIDU,2017-07-25,35.169998,35.230000,34.919998,35.060001,33.293736,136900
FIDU,2017-07-26,35.150002,35.150002,35.020000,35.029999,33.265244,31200
FIDU,2017-07-27,35.090000,35.099998,34.750000,34.900002,33.141796,67400
FIDU,2017-07-28,34.869999,34.990002,34.779999,34.970001,33.208267,36000
FIDU,2017-07-31,35.029999,35.070000,34.950001,34.950001,33.189274,118500
FIDU,2017-08-01,35.060001,35.060001,34.770000,34.830002,33.075321,117200
FIDU,2017-08-02,34.840000,34.950001,34.799999,34.939999,33.179771,154200
FIDU,2017-08-03,34.970001,35.060001,34.889999,35.060001,33.293736,46800
FIDU,2017-08-04,35.150002,35.189999,35.070000,35.189999,33.417183,35900
FIDU,2017-08-07,35.189999,35.189999,35.070000,35.160000,33.388695,51700
FIDU,2017-08-08,35.150002,35.330002,35.070000,35.110001,33.341213,49100
FIDU,2017-08-09,35.020000,35.119999,34.980000,35.029999,33.265244,66700
FIDU,2017-08-10,34.919998,34.959999,34.549999,34.549999,32.809425,90900
FIDU,2017-08-11,34.599998,34.750000,34.520000,34.610001,32.866398,42000
FIDU,2017-08-14,34.830002,35.029999,34.820000,34.970001,33.208267,41500
FIDU,2017-08-15,35.020000,35.020000,34.840000,34.900002,33.141796,44700
FIDU,2017-08-16,34.919998,35.040001,34.900002,34.910000,33.151291,70500
FIDU,2017-08-17,34.840000,34.860001,34.380001,34.389999,32.657482,50600
FIDU,2017-08-18,34.290001,34.410000,34.009998,34.230000,32.505539,59500
FIDU,2017-08-21,34.209999,34.259998,34.090000,34.250000,32.524536,37900
FIDU,2017-08-22,34.330002,34.680000,34.330002,34.630001,32.885399,50800
FIDU,2017-08-23,34.529999,34.529999,34.380001,34.410000,32.676479,32600
FIDU,2017-08-24,34.450001,34.450001,34.290001,34.310001,32.581509,97900
FIDU,2017-08-25,34.459999,34.540001,34.369999,34.459999,32.723965,20800
FIDU,2017-08-28,34.509998,34.509998,34.380001,34.419998,32.685970,61300
FIDU,2017-08-29,34.270000,34.700001,34.270000,34.689999,32.942375,33900
FIDU,2017-08-30,34.700001,34.860001,34.680000,34.849998,33.094315,39500
FIDU,2017-08-31,34.930000,35.099998,34.910000,35.009998,33.246250,48900
FIDU,2017-09-01,35.099998,35.230000,35.070000,35.160000,33.388695,55300
FIDU,2017-09-05,35.090000,35.139999,34.709999,34.759998,33.008842,46300
FIDU,2017-09-06,34.880001,34.930000,34.799999,34.840000,33.084812,27200
FIDU,2017-09-07,34.790001,34.849998,34.669998,34.810001,33.056320,42800
FIDU,2017-09-08,34.759998,35.020000,34.650002,34.950001,33.189274,37800
FIDU,2017-09-11,35.110001,35.240002,35.099998,35.209999,33.436176,50200
FIDU,2017-09-12,35.310001,35.430000,35.259998,35.419998,33.635597,44300
FIDU,2017-09-13,35.430000,35.430000,35.340000,35.369999,33.588116,18300
FIDU,2017-09-14,35.330002,35.529999,35.290001,35.529999,33.740051,32200
FIDU,2017-09-15,35.340000,35.490002,35.320000,35.490002,33.896687,50800
FIDU,2017-09-18,35.610001,35.799999,35.570000,35.799999,34.192772,46500
FIDU,2017-09-19,35.820000,35.849998,35.779999,35.820000,34.211872,46700
FIDU,2017-09-20,35.860001,36.090000,35.830002,36.060001,34.441109,58600
FIDU,2017-09-21,36.090000,36.240002,36.040001,36.209999,34.584370,42500
FIDU,2017-09-22,36.310001,36.349998,36.230000,36.330002,34.698986,58800
FIDU,2017-09-25,36.330002,36.349998,36.130001,36.340000,34.708527,55300
FIDU,2017-09-26,36.369999,36.419998,36.340000,36.369999,34.737175,54400
FIDU,2017-09-27,36.450001,36.549999,36.320000,36.500000,34.861343,52800
FIDU,2017-09-28,36.459999,36.490002,36.340000,36.470001,34.832703,29700
FIDU,2017-09-29,36.459999,36.570000,36.400002,36.540001,34.899551,40700
FIDU,2017-10-02,36.630001,36.820000,36.590000,36.820000,35.166985,143200
FIDU,2017-10-03,36.869999,36.950001,36.820000,36.930000,35.272038,67200
FIDU,2017-10-04,37.040001,37.040001,36.860001,36.919998,35.262486,56100
FIDU,2017-10-05,36.939999,37.040001,36.849998,36.959999,35.300697,89600
FIDU,2017-10-06,36.930000,37.000000,36.849998,36.970001,35.310246,53400
FIDU,2017-10-09,36.980000,37.000000,36.810001,36.849998,35.195637,83600
FIDU,2017-10-10,36.980000,37.040001,36.830002,36.880001,35.224289,49200
FIDU,2017-10-11,36.830002,36.849998,36.770000,36.849998,35.195637,43200
FIDU,2017-10-12,36.790001,37.049999,36.790001,37.040001,35.377110,45100
FIDU,2017-10-13,37.119999,37.150002,36.910000,36.939999,35.281597,33100
FIDU,2017-10-16,37.130001,37.130001,36.900002,37.009998,35.348446,86900
FIDU,2017-10-17,36.919998,36.990002,36.840000,36.889999,35.233833,43900
FIDU,2017-10-18,36.970001,37.020000,36.860001,36.939999,35.281597,48000
FIDU,2017-10-19,36.830002,37.029999,36.700001,37.000000,35.338898,53800
FIDU,2017-10-20,37.029999,37.410000,37.029999,37.410000,35.730484,37100
FIDU,2017-10-23,37.490002,37.490002,37.160000,37.189999,35.520367,57800
FIDU,2017-10-24,37.310001,37.490002,37.299999,37.349998,35.673183,75300
FIDU,2017-10-25,37.389999,37.389999,36.799999,37.009998,35.348446,90300
FIDU,2017-10-26,37.180000,37.259998,37.090000,37.220001,35.549030,53300
FIDU,2017-10-27,37.209999,37.270000,37.139999,37.180000,35.510822,61000
FIDU,2017-10-30,37.209999,37.209999,36.860001,36.880001,35.224289,45300
FIDU,2017-10-31,36.970001,36.970001,36.840000,36.840000,35.186089,54300
FIDU,2017-11-01,36.990002,37.000000,36.730000,36.750000,35.100124,291300
FIDU,2017-11-02,36.750000,37.000000,36.680000,37.000000,35.338898,51200
FIDU,2017-11-03,37.000000,37.049999,36.900002,36.950001,35.291145,86200
FIDU,2017-11-06,37.040001,37.049999,36.930000,36.990002,35.329350,89400
FIDU,2017-11-07,37.009998,37.049999,36.910000,36.990002,35.329350,140300
FIDU,2017-11-08,36.939999,36.959999,36.830002,36.939999,35.281597,42800
FIDU,2017-11-09,36.709999,36.750000,36.349998,36.450001,34.813591,80300
FIDU,2017-11-10,36.419998,36.580002,36.369999,36.540001,34.899551,146500
FIDU,2017-11-13,36.419998,36.439999,36.299999,36.349998,34.718086,85900
FIDU,2017-11-14,36.250000,36.250000,36.009998,36.189999,34.565266,100100
FIDU,2017-11-15,36.040001,36.230000,35.549999,35.959999,34.345589,107600
FIDU,2017-11-16,36.139999,36.400002,36.020000,36.320000,34.689426,56100
FIDU,2017-11-17,36.250000,36.310001,36.150002,36.230000,34.603470,47500
FIDU,2017-11-20,36.259998,36.419998,36.230000,36.400002,34.765835,55500
FIDU,2017-11-21,36.520000,36.680000,36.500000,36.639999,34.995052,51000
FIDU,2017-11-22,36.730000,36.790001,36.700001,36.730000,35.081020,35100
FIDU,2017-11-24,36.790001,36.799999,36.700001,36.720001,35.071476,16900
FIDU,2017-11-27,36.770000,36.840000,36.720001,36.779999,35.128773,57700
FIDU,2017-11-28,36.840000,37.360001,36.840000,37.360001,35.682743,34400
FIDU,2017-11-29,37.360001,37.630001,37.360001,37.599998,35.911964,41600
FIDU,2017-11-30,37.750000,38.250000,37.700001,38.189999,36.475471,88300
FIDU,2017-12-01,38.180000,38.180000,37.279999,37.750000,36.055225,172800
FIDU,2017-12-04,38.160000,38.480000,37.980000,37.980000,36.274906,160500
FIDU,2017-12-05,38.119999,38.330002,37.700001,37.720001,36.026577,182900
FIDU,2017-12-06,37.650002,37.860001,37.599998,37.750000,36.055225,55300
FIDU,2017-12-07,37.700001,38.099998,37.700001,37.990002,36.284462,90800
FIDU,2017-12-08,38.180000,38.180000,38.020000,38.150002,36.437271,49500
FIDU,2017-12-11,38.150002,38.180000,37.980000,38.009998,36.303558,90900
FIDU,2017-12-12,38.110001,38.189999,38.049999,38.070000,36.360863,70900
FIDU,2017-12-13,38.110001,38.470001,38.070000,38.259998,36.542332,195600
FIDU,2017-12-14,38.320000,38.400002,37.930000,37.939999,36.236702,70800
FIDU,2017-12-15,37.959999,38.259998,37.939999,38.160000,36.574066,60300
FIDU,2017-12-18,38.400002,38.490002,38.360001,38.419998,36.823261,79000
FIDU,2017-12-19,38.599998,38.599998,38.360001,38.419998,36.823261,82300
FIDU,2017-12-20,38.650002,38.709999,38.490002,38.570000,36.967037,91400
FIDU,2017-12-21,38.770000,38.770000,38.490002,38.599998,36.995789,88100
FIDU,2017-12-22,38.639999,38.700001,38.470001,38.610001,37.005367,74400
FIDU,2017-12-26,38.619999,38.759998,38.580002,38.599998,36.995789,130200
FIDU,2017-12-27,38.700001,38.750000,38.650002,38.750000,37.139557,86300
FIDU,2017-12-28,38.860001,38.860001,38.650002,38.830002,37.216232,89600
FIDU,2017-12-29,38.919998,39.000000,38.700001,38.700001,37.091633,96700
FIDU,2018-01-02,39.029999,39.029999,38.720001,38.970001,37.350414,251700
FIDU,2018-01-03,39.099998,39.160000,38.950001,39.150002,37.522930,181300
FIDU,2018-01-04,39.290001,39.480000,39.240002,39.439999,37.800877,228600
FIDU,2018-01-05,39.610001,39.700001,39.410000,39.669998,38.021313,177200
FIDU,2018-01-08,39.770000,39.889999,39.650002,39.880001,38.222591,161300
FIDU,2018-01-09,39.959999,40.160000,39.910000,40.070000,38.404694,148100
FIDU,2018-01-10,39.970001,40.080002,39.799999,39.980000,38.318436,130700
FIDU,2018-01-11,40.150002,40.520000,40.060001,40.520000,38.835991,183300
FIDU,2018-01-12,40.680000,40.869999,40.610001,40.830002,39.133110,173100
FIDU,2018-01-16,41.040001,41.070000,40.250000,40.450001,38.768902,411800
FIDU,2018-01-17,40.520000,40.660000,40.369999,40.610001,38.922253,2290700
FIDU,2018-01-18,40.630001,40.730000,40.410000,40.430000,38.749729,160600
FIDU,2018-01-19,40.549999,40.619999,40.380001,40.619999,38.931839,62900
FIDU,2018-01-22,40.500000,40.599998,40.279999,40.560001,38.874329,124800
FIDU,2018-01-23,40.570000,40.639999,40.419998,40.590000,38.903084,236000
FIDU,2018-01-24,40.720001,40.849998,40.410000,40.650002,38.960587,130400
FIDU,2018-01-25,40.799999,40.840000,40.400002,40.709999,39.018093,155700
FIDU,2018-01-26,40.820000,41.160000,40.720001,41.160000,39.449387,113800
FIDU,2018-01-29,41.200001,41.279999,40.860001,40.880001,39.181034,156800
FIDU,2018-01-30,40.549999,40.689999,40.340000,40.529999,38.845570,236100
FIDU,2018-01-31,40.900002,41.049999,40.470001,40.630001,38.941422,144700
FIDU,2018-02-01,40.389999,40.840000,40.060001,40.560001,38.874329,209100
FIDU,2018-02-02,40.330002,40.389999,39.639999,39.700001,38.050072,328100
FIDU,2018-02-05,39.320000,39.720001,37.720001,37.900002,36.324879,553000
FIDU,2018-02-06,37.119999,38.639999,36.830002,38.540001,36.938278,438600
FIDU,2018-02-07,38.459999,39.139999,38.369999,38.630001,37.024540,224600
FIDU,2018-02-08,38.650002,38.650002,37.180000,37.180000,35.634804,202000
FIDU,2018-02-09,37.549999,37.799999,36.410000,37.509998,35.951084,523000
FIDU,2018-02-12,37.799999,38.349998,37.549999,38.110001,36.526157,154700
FIDU,2018-02-13,37.860001,38.270000,37.860001,38.189999,36.602821,143800
FIDU,2018-02-14,38.009998,38.730000,37.950001,38.700001,37.091633,131000
FIDU,2018-02-15,38.990002,39.220001,38.650002,39.220001,37.590023,172500
FIDU,2018-02-16,39.139999,39.630001,39.099998,39.279999,37.647522,181700
FIDU,2018-02-20,39.070000,39.270000,38.750000,38.860001,37.244980,347500
FIDU,2018-02-21,38.880001,39.549999,38.880001,38.889999,37.273735,128500
FIDU,2018-02-22,39.040001,39.459999,39.029999,39.119999,37.494179,81900
FIDU,2018-02-23,39.299999,39.410000,39.090000,39.330002,37.695454,139000
FIDU,2018-02-26,39.580002,39.919998,39.410000,39.869999,38.213005,104000
FIDU,2018-02-27,39.910000,40.119999,39.400002,39.400002,37.762539,70300
FIDU,2018-02-28,39.549999,39.610001,38.820000,38.820000,37.206638,97500
FIDU,2018-03-01,38.810001,39.009998,37.910000,38.119999,36.535736,141400
FIDU,2018-03-02,37.810001,38.259998,37.599998,38.150002,36.564487,215400
FIDU,2018-03-05,37.919998,38.680000,37.820000,38.560001,36.957447,206200
FIDU,2018-03-06,38.779999,38.880001,38.490002,38.830002,37.216232,81600
FIDU,2018-03-07,38.360001,38.930000,38.360001,38.830002,37.216232,79400
FIDU,2018-03-08,38.959999,39.060001,38.650002,38.959999,37.340820,50900
FIDU,2018-03-09,39.240002,39.840000,39.139999,39.840000,38.184258,88500
FIDU,2018-03-12,39.919998,39.919998,39.369999,39.470001,37.829624,99100
FIDU,2018-03-13,39.540001,39.730000,39.160000,39.240002,37.609188,63700
FIDU,2018-03-14,39.470001,39.470001,38.790001,38.889999,37.273735,49500
FIDU,2018-03-15,38.950001,39.110001,38.759998,38.919998,37.302479,43900
FIDU,2018-03-16,38.770000,39.099998,38.770000,38.930000,37.462227,53900
FIDU,2018-03-19,38.840000,38.849998,38.369999,38.709999,37.250519,128400
FIDU,2018-03-20,38.750000,39.020000,38.750000,38.779999,37.317883,81100
FIDU,2018-03-21,38.820000,39.270000,38.779999,38.919998,37.452602,76800
FIDU,2018-03-22,38.599998,38.660000,37.660000,37.709999,36.288223,104300
FIDU,2018-03-23,37.750000,37.950001,37.049999,37.099998,35.701218,243300
FIDU,2018-03-26,37.630001,37.970001,37.240002,37.910000,36.480686,244200
FIDU,2018-03-27,38.060001,38.250000,37.209999,37.380001,35.970669,120000
FIDU,2018-03-28,37.450001,37.540001,37.020000,37.270000,35.864819,179000
FIDU,2018-03-29,37.430000,38.080002,37.430000,37.830002,36.403698,92700
FIDU,2018-04-02,37.700001,37.750000,36.590000,37.040001,35.643482,421000
FIDU,2018-04-03,37.279999,37.570000,37.040001,37.549999,36.134258,89000
FIDU,2018-04-04,36.810001,37.779999,36.660000,37.759998,36.336338,151900
FIDU,2018-04-05,37.980000,38.220001,37.860001,38.150002,36.711639,70100
FIDU,2018-04-06,37.750000,37.919998,36.810001,37.119999,35.720467,106300
FIDU,2018-04-09,37.389999,37.590000,36.980000,36.990002,35.595364,178100
FIDU,2018-04-10,37.540001,37.779999,37.380001,37.630001,36.211235,81200
FIDU,2018-04-11,37.349998,37.639999,37.250000,37.410000,35.999531,90000
FIDU,2018-04-12,37.650002,38.029999,37.590000,37.860001,36.432575,120900
FIDU,2018-04-13,38.150002,38.150002,37.610001,37.750000,36.326717,226800
FIDU,2018-04-16,37.959999,38.270000,37.959999,38.160000,36.721260,290400
FIDU,2018-04-17,38.450001,38.650002,38.380001,38.509998,37.058060,259800
FIDU,2018-04-18,38.730000,38.990002,38.700001,38.849998,37.385242,152000
FIDU,2018-04-19,38.810001,38.910000,38.509998,38.740002,37.279392,86800
FIDU,2018-04-20,38.880001,38.900002,38.419998,38.520000,37.067684,104500
FIDU,2018-04-23,38.669998,38.689999,38.310001,38.490002,37.038822,57800
FIDU,2018-04-24,38.720001,38.720001,37.080002,37.500000,36.086143,180900
FIDU,2018-04-25,37.549999,37.650002,37.090000,37.549999,36.134258,65200
FIDU,2018-04-26,37.529999,37.570000,37.130001,37.400002,35.989918,92000
FIDU,2018-04-27,37.330002,37.400002,37.090000,37.340000,35.932175,90000
FIDU,2018-04-30,37.369999,37.490002,36.849998,36.849998,35.460648,86500
FIDU,2018-05-01,36.770000,36.849998,36.180000,36.689999,35.306679,1390800
FIDU,2018-05-02,36.590000,36.849998,36.430000,36.439999,35.066105,66800
FIDU,2018-05-03,36.299999,36.680000,35.860001,36.520000,35.143089,107300
FIDU,2018-05-04,36.340000,37.070000,36.299999,36.950001,35.556881,94600
FIDU,2018-05-07,37.080002,37.360001,37.049999,37.250000,35.845573,253900
FIDU,2018-05-08,37.230000,37.610001,37.230000,37.520000,36.105392,178000
FIDU,2018-05-09,37.700001,38.009998,37.520000,37.939999,36.509560,115400
FIDU,2018-05-10,38.009998,38.230000,38.009998,38.150002,36.711639,62400
FIDU,2018-05-11,38.189999,38.369999,38.139999,38.230000,36.788624,54900
FIDU,2018-05-14,38.360001,38.410000,38.090000,38.180000,36.740505,64500
FIDU,2018-05-15,37.959999,38.060001,37.840000,38.040001,36.605789,80400
FIDU,2018-05-16,38.009998,38.310001,38.009998,38.130001,36.692394,33600
FIDU,2018-05-17,38.250000,38.490002,38.209999,38.369999,36.923340,65000
FIDU,2018-05-18,38.389999,38.639999,38.389999,38.599998,37.144665,38800
FIDU,2018-05-21,38.939999,39.279999,38.900002,39.119999,37.645065,117300
FIDU,2018-05-22,39.200001,39.200001,38.630001,38.669998,37.212025,63900
FIDU,2018-05-23,38.430000,38.590000,38.230000,38.580002,37.125427,325600
FIDU,2018-05-24,38.509998,38.810001,38.470001,38.750000,37.289013,95100
FIDU,2018-05-25,38.759998,38.770000,38.549999,38.669998,37.212025,65700
FIDU,2018-05-29,38.450001,38.500000,37.980000,38.160000,36.721260,59500
FIDU,2018-05-30,38.369999,38.750000,38.340000,38.680000,37.221657,51400
FIDU,2018-05-31,38.610001,38.610001,38.049999,38.160000,36.721260,70300
FIDU,2018-06-01,38.340000,38.630001,38.340000,38.529999,37.077305,94300
FIDU,2018-06-04,38.660000,38.849998,38.470001,38.529999,37.077305,287000
FIDU,2018-06-05,38.529999,38.669998,38.439999,38.660000,37.202400,68300
FIDU,2018-06-06,38.709999,38.990002,38.630001,38.990002,37.519958,63600
FIDU,2018-06-07,39.029999,39.180000,38.910000,39.080002,37.606567,54400
FIDU,2018-06-08,39.080002,39.279999,39.029999,39.279999,37.799030,59100
FIDU,2018-06-11,39.299999,39.450001,39.209999,39.340000,37.856766,57600
FIDU,2018-06-12,39.410000,39.419998,39.220001,39.310001,37.827908,104500
FIDU,2018-06-13,39.340000,39.340000,38.980000,39.000000,37.529594,68200
FIDU,2018-06-14,39.130001,39.209999,38.770000,38.860001,37.394867,44800
FIDU,2018-06-15,38.529999,38.700001,38.250000,38.650002,37.347519,73800
FIDU,2018-06-18,38.369999,38.599998,38.290001,38.549999,37.250889,41200
FIDU,2018-06-19,38.220001,38.220001,37.669998,37.880001,36.603470,208300
FIDU,2018-06-20,37.990002,38.200001,37.779999,37.919998,36.642113,98700
FIDU,2018-06-21,37.990002,37.990002,37.369999,37.480000,36.216946,113000
FIDU,2018-06-22,37.680000,37.779999,37.549999,37.580002,36.313580,87500
FIDU,2018-06-25,37.330002,37.360001,36.830002,37.040001,35.791771,1281900
FIDU,2018-06-26,37.189999,37.349998,37.090000,37.180000,35.927055,96600
FIDU,2018-06-27,37.270000,37.689999,36.860001,36.860001,35.617836,80400
FIDU,2018-06-28,36.830002,37.070000,36.599998,36.919998,35.675812,107900
FIDU,2018-06-29,37.049999,37.410000,37.049999,37.080002,35.830421,45800
FIDU,2018-07-02,36.790001,37.099998,36.639999,37.099998,35.849747,123600
FIDU,2018-07-03,37.169998,37.419998,36.970001,36.980000,35.733795,63800
FIDU,2018-07-05,37.070000,37.250000,36.900002,37.230000,35.975372,137400
FIDU,2018-07-06,37.139999,37.470001,37.040001,37.369999,36.110645,119200
FIDU,2018-07-09,37.509998,38.040001,37.509998,38.009998,36.729080,69300
FIDU,2018-07-10,38.080002,38.250000,37.939999,38.130001,36.845047,144400
FIDU,2018-07-11,37.740002,37.830002,37.490002,37.540001,36.274921,148400
FIDU,2018-07-12,37.840000,37.980000,37.599998,37.939999,36.661442,76100
FIDU,2018-07-13,37.900002,38.200001,37.750000,38.150002,36.864368,84200
FIDU,2018-07-16,38.209999,38.259998,37.880001,37.910000,36.632458,57800
FIDU,2018-07-17,37.900002,38.110001,37.849998,38.070000,36.787064,46500
FIDU,2018-07-18,38.160000,38.470001,38.160000,38.430000,37.134930,43300
FIDU,2018-07-19,38.270000,38.540001,38.189999,38.480000,37.183247,46200
FIDU,2018-07-20,38.369999,38.580002,38.310001,38.430000,37.134930,36700
FIDU,2018-07-23,38.330002,38.349998,38.169998,38.200001,36.912682,40000
FIDU,2018-07-24,38.310001,38.570000,38.160000,38.320000,37.028637,113900
FIDU,2018-07-25,38.200001,38.810001,38.119999,38.810001,37.502129,82300
FIDU,2018-07-26,38.820000,39.139999,38.810001,39.080002,37.763023,69200
FIDU,2018-07-27,39.139999,39.200001,38.840000,39.020000,37.705051,56400
FIDU,2018-07-30,39.029999,39.230000,38.639999,38.639999,37.337856,319300
FIDU,2018-07-31,38.889999,39.540001,38.889999,39.490002,38.159214,782500
FIDU,2018-08-01,39.470001,39.470001,38.959999,39.070000,37.753361,109400
FIDU,2018-08-02,38.790001,39.099998,38.759998,39.049999,37.734035,74000
FIDU,2018-08-03,39.020000,39.099998,38.860001,39.070000,37.753361,68800
FIDU,2018-08-06,39.080002,39.200001,38.970001,39.189999,37.869316,93300
FIDU,2018-08-07,39.310001,39.520000,39.310001,39.450001,38.120560,44600
FIDU,2018-08-08,39.369999,39.380001,39.209999,39.270000,37.946625,32000
FIDU,2018-08-09,39.290001,39.340000,39.060001,39.080002,37.763023,58500
FIDU,2018-08-10,38.900002,38.980000,38.689999,38.820000,37.511784,51400
FIDU,2018-08-13,38.869999,38.900002,38.450001,38.590000,37.289536,148300
FIDU,2018-08-14,38.669998,38.990002,38.650002,38.849998,37.540771,57900
FIDU,2018-08-15,38.630001,38.660000,38.230000,38.619999,37.318531,97000
FIDU,2018-08-16,38.860001,39.160000,38.720001,39.049999,37.734035,81700
FIDU,2018-08-17,39.029999,39.369999,39.029999,39.320000,37.994934,52500
FIDU,2018-08-20,39.349998,39.619999,39.349998,39.520000,38.188198,59400
FIDU,2018-08-21,39.599998,39.919998,39.599998,39.880001,38.536068,75600
FIDU,2018-08-22,39.799999,39.799999,39.529999,39.570000,38.236511,118700
FIDU,2018-08-23,39.490002,39.549999,39.330002,39.389999,38.062584,50100
FIDU,2018-08-24,39.470001,39.590000,39.410000,39.549999,38.217190,41800
FIDU,2018-08-27,39.720001,40.049999,39.720001,39.990002,38.642361,84100
FIDU,2018-08-28,40.139999,40.139999,39.910000,39.930000,38.584377,54000
FIDU,2018-08-29,39.930000,40.070000,39.880001,40.000000,38.652020,81200
FIDU,2018-08-30,39.919998,39.990002,39.669998,39.730000,38.391125,70300
FIDU,2018-08-31,39.650002,39.799999,39.570000,39.759998,38.420109,51100
FIDU,2018-09-04,39.619999,39.740002,39.470001,39.680000,38.342804,141500
FIDU,2018-09-05,39.680000,39.980000,39.590000,39.980000,38.632698,40300
FIDU,2018-09-06,40.000000,40.220001,39.970001,40.110001,38.758312,55000
FIDU,2018-09-07,40.000000,40.119999,39.759998,39.980000,38.632698,75500
FIDU,2018-09-10,40.130001,40.320000,40.130001,40.169998,38.816288,54100
FIDU,2018-09-11,40.070000,40.270000,39.939999,40.150002,38.796967,28200
FIDU,2018-09-12,40.090000,40.380001,39.959999,40.270000,38.912930,53200
FIDU,2018-09-13,40.430000,40.580002,40.320000,40.410000,39.048203,54200
FIDU,2018-09-14,40.480000,40.680000,40.410000,40.650002,39.280121,51900
FIDU,2018-09-17,40.650002,40.750000,40.570000,40.599998,39.231800,200500
FIDU,2018-09-18,40.689999,40.990002,40.570000,40.950001,39.570011,61900
FIDU,2018-09-19,40.889999,41.119999,40.820000,40.860001,39.483036,67300
FIDU,2018-09-20,41.040001,41.150002,40.820000,40.959999,39.579666,53800
FIDU,2018-09-21,40.930000,41.020000,40.849998,40.849998,39.627205,63900
FIDU,2018-09-24,40.799999,40.799999,40.320000,40.410000,39.200371,75900
FIDU,2018-09-25,40.509998,40.509998,40.279999,40.290001,39.083969,59000
FIDU,2018-09-26,40.299999,40.459999,40.169998,40.180000,38.977257,42200
FIDU,2018-09-27,40.259998,40.389999,40.150002,40.220001,39.016060,22300
FIDU,2018-09-28,40.150002,40.299999,40.070000,40.209999,39.006363,49400
FIDU,2018-10-01,40.630001,40.740002,40.330002,40.430000,39.219776,303000
FIDU,2018-10-02,40.470001,40.590000,40.349998,40.490002,39.277981,118100
FIDU,2018-10-03,40.619999,40.880001,40.599998,40.669998,39.452591,78100
FIDU,2018-10-04,40.610001,40.730000,40.250000,40.490002,39.277981,60100
FIDU,2018-10-05,40.529999,40.650002,40.000000,40.259998,39.054863,64200
FIDU,2018-10-08,40.200001,40.330002,39.910000,40.290001,39.083969,59500
FIDU,2018-10-09,40.230000,40.230000,39.720001,39.740002,38.550430,285800
FIDU,2018-10-10,39.599998,39.610001,38.369999,38.380001,37.231144,189500
FIDU,2018-10-11,38.160000,38.490002,37.369999,37.480000,36.358074,360800
FIDU,2018-10-12,38.080002,38.099998,37.250000,37.619999,36.493889,102000
FIDU,2018-10-15,37.580002,37.980000,37.580002,37.730000,36.600590,109200
FIDU,2018-10-16,37.889999,38.430000,37.730000,38.419998,37.269939,806200
FIDU,2018-10-17,38.410000,38.410000,37.910000,38.110001,36.969223,72700
FIDU,2018-10-18,37.889999,37.939999,37.240002,37.380001,36.261078,67500
FIDU,2018-10-19,37.470001,37.610001,37.090000,37.220001,36.105865,72600
FIDU,2018-10-22,37.250000,37.290001,36.959999,37.070000,35.960358,206700
FIDU,2018-10-23,36.349998,36.720001,35.959999,36.480000,35.388020,312100
FIDU,2018-10-24,36.529999,36.610001,35.169998,35.209999,34.156029,176200
FIDU,2018-10-25,35.410000,35.750000,35.330002,35.529999,34.466450,231800
FIDU,2018-10-26,35.119999,35.570000,34.730000,35.209999,34.156029,121800
FIDU,2018-10-29,35.650002,35.770000,34.250000,34.669998,33.632187,322800
FIDU,2018-10-30,34.580002,35.400002,34.560001,35.389999,34.330639,174800
FIDU,2018-10-31,35.740002,36.049999,35.680000,35.680000,34.611961,61400
FIDU,2018-11-01,35.849998,36.439999,35.770000,36.369999,35.281303,245000
FIDU,2018-11-02,36.650002,36.790001,36.150002,36.330002,35.242504,139700
FIDU,2018-11-05,36.369999,36.619999,36.250000,36.480000,35.388020,123100
FIDU,2018-11-06,36.439999,36.869999,36.439999,36.849998,35.746937,75300
FIDU,2018-11-07,37.189999,37.450001,36.799999,37.450001,36.328979,125300
FIDU,2018-11-08,37.340000,37.540001,37.230000,37.369999,36.251369,59600
FIDU,2018-11-09,37.130001,37.169998,36.720001,36.970001,35.863350,60400
FIDU,2018-11-12,36.950001,36.950001,36.169998,36.189999,35.106701,75100
FIDU,2018-11-13,36.220001,36.790001,36.160000,36.340000,35.252209,282500
FIDU,2018-11-14,36.570000,36.759998,35.970001,36.200001,35.116390,108900
FIDU,2018-11-15,35.910000,36.849998,35.849998,36.660000,35.562626,71400
FIDU,2018-11-16,36.529999,36.770000,36.380001,36.669998,35.572323,47500
FIDU,2018-11-19,36.610001,36.610001,35.950001,36.110001,35.029091,52200
FIDU,2018-11-20,35.580002,35.689999,35.180000,35.299999,34.243336,198000
FIDU,2018-11-21,35.490002,35.849998,35.450001,35.590000,34.524651,79000
FIDU,2018-11-23,35.349998,35.740002,35.349998,35.500000,34.437355,10900
FIDU,2018-11-26,35.779999,35.980000,35.570000,35.840000,34.767170,57800
FIDU,2018-11-27,35.650002,35.689999,35.400002,35.669998,34.602257,58800
FIDU,2018-11-28,35.840000,36.560001,35.630001,36.549999,35.455914,50300
FIDU,2018-11-29,36.509998,36.709999,36.270000,36.520000,35.426819,29000
FIDU,2018-11-30,36.450001,36.910000,36.400002,36.849998,35.746937,50700
FIDU,2018-12-03,37.549999,37.799999,37.099998,37.270000,36.154366,93000
FIDU,2018-12-04,37.189999,37.189999,35.639999,35.669998,34.602257,197500
FIDU,2018-12-06,35.060001,35.419998,34.419998,35.400002,34.340347,326800
FIDU,2018-12-07,35.349998,35.599998,34.419998,34.540001,33.506092,67700
FIDU,2018-12-10,34.509998,34.660000,33.880001,34.580002,33.544891,95600
FIDU,2018-12-11,35.090000,35.169998,34.160000,34.380001,33.350880,69200
FIDU,2018-12-12,34.820000,35.060001,34.580002,34.580002,33.544891,91700
FIDU,2018-12-13,34.840000,34.840000,34.340000,34.419998,33.389675,58400
FIDU,2018-12-14,34.060001,34.419998,33.860001,33.959999,32.943447,64400
FIDU,2018-12-17,33.880001,34.070000,33.200001,33.389999,32.390511,165900
FIDU,2018-12-18,33.689999,33.980000,33.400002,33.540001,32.536022,65500
FIDU,2018-12-19,33.490002,34.110001,32.709999,32.900002,31.915178,96000
FIDU,2018-12-20,32.740002,32.980000,32.000000,32.299999,31.333139,388600
FIDU,2018-12-21,32.230000,32.500000,31.559999,31.580000,30.803490,263200
FIDU,2018-12-24,31.320000,31.379999,30.660000,30.660000,29.906111,112800
FIDU,2018-12-26,30.780001,32.099998,30.500000,32.099998,31.310701,207500
FIDU,2018-12-27,31.590000,32.500000,31.290001,32.500000,31.700871,228800
FIDU,2018-12-28,32.560001,32.849998,32.310001,32.410000,31.613081,179400
FIDU,2018-12-31,32.580002,32.759998,32.380001,32.759998,31.954475,120400
FIDU,2019-01-02,32.220001,32.900002,32.150002,32.820000,32.012997,35300
FIDU,2019-01-03,32.650002,32.650002,31.850000,31.990000,31.203409,84000
FIDU,2019-01-04,32.459999,33.200001,32.459999,33.180000,32.364151,373100
FIDU,2019-01-07,33.250000,33.639999,33.060001,33.419998,32.598244,77100
FIDU,2019-01-08,33.910000,34.029999,33.639999,33.939999,33.105461,221100
FIDU,2019-01-09,34.119999,34.330002,33.990002,34.189999,33.349308,61600
FIDU,2019-01-10,34.029999,34.680000,34.029999,34.669998,33.817513,56700
FIDU,2019-01-11,34.480000,34.650002,34.320000,34.650002,33.798004,36800
FIDU,2019-01-14,34.330002,34.740002,34.299999,34.570000,33.719967,79100
FIDU,2019-01-15,34.549999,34.619999,34.299999,34.480000,33.632175,42700
FIDU,2019-01-16,34.480000,34.689999,34.480000,34.549999,33.700462,68200
FIDU,2019-01-17,34.430000,35.279999,34.430000,35.130001,34.266201,107300
FIDU,2019-01-18,35.410000,35.930000,35.380001,35.759998,34.880703,110100
FIDU,2019-01-22,35.529999,35.529999,34.880001,35.099998,34.236935,119700
FIDU,2019-01-23,35.340000,35.459999,34.720001,35.049999,34.188168,65500
FIDU,2019-01-24,35.139999,35.380001,35.029999,35.259998,34.393009,47400
FIDU,2019-01-25,35.610001,35.830002,35.549999,35.689999,34.812431,66800
FIDU,2019-01-28,35.270000,35.369999,35.080002,35.369999,34.500301,78400
FIDU,2019-01-29,35.490002,35.849998,35.490002,35.779999,34.900211,50400
FIDU,2019-01-30,36.130001,36.419998,35.759998,36.270000,35.378170,172400
FIDU,2019-01-31,36.349998,36.630001,36.259998,36.500000,35.602516,66400
FIDU,2019-02-01,36.639999,36.770000,36.419998,36.560001,35.661037,57000
FIDU,2019-02-04,36.590000,36.990002,36.500000,36.990002,36.080467,96300
FIDU,2019-02-05,37.070000,37.330002,36.990002,37.330002,36.412106,278100
FIDU,2019-02-06,37.299999,37.470001,37.250000,37.330002,36.412106,54200
FIDU,2019-02-07,37.110001,37.240002,36.750000,37.029999,36.119480,90200
FIDU,2019-02-08,36.820000,37.040001,36.680000,37.040001,36.129234,131600
FIDU,2019-02-11,37.150002,37.330002,37.150002,37.279999,36.363331,236500
FIDU,2019-02-12,37.570000,37.939999,37.549999,37.910000,36.977844,115000
FIDU,2019-02-13,38.040001,38.240002,37.950001,38.150002,37.211941,141500
FIDU,2019-02-14,37.950001,38.119999,37.720001,38.009998,37.075382,92000
FIDU,2019-02-15,38.189999,38.529999,38.060001,38.520000,37.572845,78900
FIDU,2019-02-19,38.400002,38.650002,38.360001,38.549999,37.602104,852200
FIDU,2019-02-20,38.599998,38.759998,38.540001,38.740002,37.787437,90200
FIDU,2019-02-21,38.740002,38.740002,38.490002,38.619999,37.670387,91700
FIDU,2019-02-22,38.779999,38.889999,38.619999,38.880001,37.923992,74700
FIDU,2019-02-25,39.240002,39.290001,38.959999,38.970001,38.011780,299100
FIDU,2019-02-26,38.869999,39.040001,38.830002,38.830002,37.875221,85900
FIDU,2019-02-27,38.799999,39.040001,38.650002,39.020000,38.060551,51900
FIDU,2019-02-28,39.029999,39.029999,38.849998,38.869999,37.914238,55100
FIDU,2019-03-01,39.160000,39.200001,38.779999,38.990002,38.031288,64000
FIDU,2019-03-04,39.139999,39.270000,38.529999,38.790001,37.836205,81800
FIDU,2019-03-05,38.740002,38.860001,38.509998,38.509998,37.563087,80000
FIDU,2019-03-06,38.459999,38.509998,38.130001,38.130001,37.192429,89200
FIDU,2019-03-07,38.090000,38.090000,37.619999,37.880001,36.948582,172500
FIDU,2019-03-08,37.529999,37.790001,37.389999,37.770000,36.841286,175700
FIDU,2019-03-11,37.369999,38.160000,37.330002,38.160000,37.221695,249800
FIDU,2019-03-12,38.139999,38.150002,37.849998,37.869999,36.938824,364300
FIDU,2019-03-13,38.029999,38.320000,37.980000,38.180000,37.241203,125400
FIDU,2019-03-14,38.180000,38.240002,37.990002,38.029999,37.094894,61500
FIDU,2019-03-15,37.970001,38.020000,37.720001,37.799999,37.051762,87800
FIDU,2019-03-18,37.740002,38.160000,37.740002,38.150002,37.394833,60500
FIDU,2019-03-19,38.299999,38.389999,37.869999,37.959999,37.208591,118800
FIDU,2019-03-20,37.900002,38.040001,37.529999,37.730000,36.983147,71800
FIDU,2019-03-21,37.610001,38.180000,37.610001,38.110001,37.355629,65500
FIDU,2019-03-22,37.889999,37.889999,37.130001,37.160000,36.424431,97400
FIDU,2019-03-25,37.099998,37.450001,37.020000,37.240002,36.502850,97200
FIDU,2019-03-26,37.560001,37.669998,37.310001,37.529999,36.787106,42200
FIDU,2019-03-27,37.590000,37.689999,37.279999,37.549999,36.806709,47800
FIDU,2019-03-28,37.660000,37.880001,37.570000,37.869999,37.120377,55700
FIDU,2019-03-29,38.099998,38.230000,38.040001,38.200001,37.443848,55800
FIDU,2019-04-01,38.520000,39.020000,38.500000,38.959999,38.188801,122600
FIDU,2019-04-02,38.959999,39.040001,38.830002,38.900002,38.129990,91300
FIDU,2019-04-03,39.049999,39.130001,38.770000,38.880001,38.110386,62700
FIDU,2019-04-04,38.889999,39.240002,38.889999,39.110001,38.335831,51300
FIDU,2019-04-05,39.119999,39.299999,39.119999,39.240002,38.463261,84700
FIDU,2019-04-08,39.000000,39.130001,38.810001,39.119999,38.345634,88000
FIDU,2019-04-09,38.860001,38.860001,38.529999,38.560001,37.796726,124800
FIDU,2019-04-10,38.599998,38.660000,38.380001,38.610001,37.845730,48300
FIDU,2019-04-11,38.639999,38.959999,38.610001,38.939999,38.169193,45900
FIDU,2019-04-12,39.230000,39.450001,39.180000,39.439999,38.659298,82400
FIDU,2019-04-15,39.439999,39.459999,39.220001,39.290001,38.512272,67800
FIDU,2019-04-16,39.419998,39.540001,39.330002,39.480000,38.698509,49600
FIDU,2019-04-17,39.730000,39.799999,39.540001,39.549999,38.767124,94000
FIDU,2019-04-18,39.740002,39.990002,39.720001,39.970001,39.178810,54700
FIDU,2019-04-22,39.830002,39.900002,39.680000,39.840000,39.051384,68200
FIDU,2019-04-23,39.970001,40.270000,39.939999,40.189999,39.394451,71500
FIDU,2019-04-24,40.259998,40.310001,40.110001,40.130001,39.335640,64100
FIDU,2019-04-25,39.770000,39.779999,39.150002,39.369999,38.590687,87800
FIDU,2019-04-26,39.400002,39.669998,39.290001,39.669998,38.884747,132400
FIDU,2019-04-29,39.680000,39.869999,39.610001,39.779999,38.992569,110500
FIDU,2019-04-30,39.889999,39.959999,39.590000,39.889999,39.100395,197500
FIDU,2019-05-01,40.009998,40.090000,39.610001,39.619999,38.835732,78500
FIDU,2019-05-02,39.520000,39.639999,39.240002,39.619999,38.835732,58800
FIDU,2019-05-03,39.790001,40.160000,39.790001,40.150002,39.355244,58400
FIDU,2019-05-06,39.349998,39.880001,39.250000,39.830002,39.041580,66000
FIDU,2019-05-07,39.369999,39.459999,38.720001,39.029999,38.257416,93400
FIDU,2019-05-08,38.990002,39.240002,38.910000,38.970001,38.198601,48500
FIDU,2019-05-09,38.630001,38.950001,38.369999,38.919998,38.149593,91700
FIDU,2019-05-10,38.689999,39.099998,38.240002,39.040001,38.267220,51000
FIDU,2019-05-13,38.150002,38.299999,37.730000,37.950001,37.198795,103500
FIDU,2019-05-14,38.060001,38.560001,38.040001,38.310001,37.551670,58800
FIDU,2019-05-15,38.020000,38.529999,37.970001,38.419998,37.659489,60700
FIDU,2019-05-16,38.540001,38.860001,38.509998,38.709999,37.943748,48000
FIDU,2019-05-17,38.320000,38.689999,38.290001,38.290001,37.532066,29500
FIDU,2019-05-20,38.020000,38.279999,38.020000,38.180000,37.424240,43200
FIDU,2019-05-21,38.470001,38.689999,38.389999,38.639999,37.875134,68900
FIDU,2019-05-22,38.529999,38.529999,38.349998,38.349998,37.590874,52300
FIDU,2019-05-23,37.950001,37.980000,37.509998,37.730000,36.983147,116500
FIDU,2019-05-24,37.950001,38.040001,37.680000,37.759998,37.012554,59700
FIDU,2019-05-28,37.810001,37.919998,37.450001,37.450001,36.708691,227000
FIDU,2019-05-29,37.250000,37.439999,37.070000,37.270000,36.532253,80300
FIDU,2019-05-30,37.349998,37.599998,37.310001,37.410000,36.669487,43000
FIDU,2019-05-31,37.020000,37.130001,36.849998,36.930000,36.198982,53700
FIDU,2019-06-03,36.880001,37.340000,36.880001,37.189999,36.453835,108500
FIDU,2019-06-04,37.509998,38.099998,37.459999,38.080002,37.326221,637000
FIDU,2019-06-05,38.250000,38.450001,38.099998,38.430000,37.669296,43800
FIDU,2019-06-06,38.459999,38.549999,38.200001,38.470001,37.708500,33800
FIDU,2019-06-07,38.590000,38.900002,38.590000,38.759998,37.992760,35600
FIDU,2019-06-10,39.060001,39.250000,38.860001,38.860001,38.090778,44400
FIDU,2019-06-11,39.110001,39.130001,38.470001,38.580002,37.816326,625300
FIDU,2019-06-12,38.570000,38.660000,38.459999,38.660000,37.894737,89700
FIDU,2019-06-13,38.779999,38.869999,38.619999,38.869999,38.100582,37300
FIDU,2019-06-14,38.869999,38.869999,38.549999,38.669998,37.904545,28600
FIDU,2019-06-17,38.700001,38.700001,38.509998,38.509998,37.747707,27000
FIDU,2019-06-18,38.750000,39.290001,38.750000,39.209999,38.433849,76200
FIDU,2019-06-19,39.240002,39.290001,39.090000,39.220001,38.443657,69500
FIDU,2019-06-20,39.610001,39.900002,39.430000,39.830002,39.041580,64400
FIDU,2019-06-21,39.660000,39.730000,39.450001,39.450001,38.827023,37400
FIDU,2019-06-24,39.470001,39.580002,39.320000,39.320000,38.699074,34100
FIDU,2019-06-25,39.340000,39.340000,39.090000,39.099998,38.482548,42400
FIDU,2019-06-26,39.220001,39.270000,39.110001,39.160000,38.541599,73100
FIDU,2019-06-27,39.250000,39.389999,39.150002,39.349998,38.728600,27100
FIDU,2019-06-28,39.360001,39.810001,39.360001,39.740002,39.112442,61400
FIDU,2019-07-01,40.189999,40.259998,39.709999,39.860001,39.230553,64600
FIDU,2019-07-02,39.860001,39.889999,39.650002,39.740002,39.112442,62900
FIDU,2019-07-03,39.840000,39.970001,39.759998,39.970001,39.338814,24700
FIDU,2019-07-05,39.779999,39.799999,39.380001,39.799999,39.171494,72900
FIDU,2019-07-08,39.630001,39.669998,39.410000,39.490002,38.866394,30400
FIDU,2019-07-09,39.299999,39.430000,39.180000,39.419998,38.797493,41700
FIDU,2019-07-10,39.549999,39.619999,39.259998,39.259998,38.640022,48600
FIDU,2019-07-11,39.250000,39.480000,39.180000,39.459999,38.836864,64300
FIDU,2019-07-12,39.580002,40.169998,39.580002,40.169998,39.535652,71300
FIDU,2019-07-15,40.110001,40.130001,39.930000,40.000000,39.368340,54200
FIDU,2019-07-16,40.029999,40.360001,40.029999,40.279999,39.643913,41700
FIDU,2019-07-17,40.080002,40.080002,39.470001,39.490002,38.866394,51000
FIDU,2019-07-18,39.500000,39.560001,39.310001,39.520000,38.895916,22100
FIDU,2019-07-19,39.750000,39.990002,39.630001,39.709999,39.082920,37600
FIDU,2019-07-22,39.770000,39.880001,39.650002,39.730000,39.102604,21300
FIDU,2019-07-23,39.980000,40.240002,39.900002,40.220001,39.584862,44000
FIDU,2019-07-24,40.000000,40.540001,40.000000,40.540001,39.899807,46500
FIDU,2019-07-25,40.570000,40.570000,40.240002,40.369999,39.732494,42700
FIDU,2019-07-26,40.369999,40.439999,40.279999,40.410000,39.771862,79600
FIDU,2019-07-29,40.360001,40.369999,40.189999,40.230000,39.594704,48500
FIDU,2019-07-30,40.009998,40.410000,39.900002,40.410000,39.771862,76200
FIDU,2019-07-31,40.410000,40.570000,39.869999,40.060001,39.427391,49900
FIDU,2019-08-01,40.020000,40.220001,39.189999,39.270000,38.649864,75500
FIDU,2019-08-02,39.169998,39.169998,38.730000,38.990002,38.374287,50800
FIDU,2019-08-05,38.310001,38.310001,37.570000,37.880001,37.281815,130600
FIDU,2019-08-06,38.150002,38.480000,38.000000,38.459999,37.852657,92100
FIDU,2019-08-07,37.990002,38.500000,37.750000,38.430000,37.823135,94300
FIDU,2019-08-08,38.639999,39.130001,38.639999,39.119999,38.502235,24900
FIDU,2019-08-09,39.000000,39.000000,38.570000,38.750000,38.138077,100400
FIDU,2019-08-12,38.509998,38.689999,38.099998,38.180000,37.577080,42200
FIDU,2019-08-13,38.080002,39.060001,38.080002,38.619999,38.010132,75600
FIDU,2019-08-14,38.090000,38.099998,37.439999,37.509998,36.917656,167200
FIDU,2019-08-15,37.529999,37.549999,37.139999,37.419998,36.829079,43800
FIDU,2019-08-16,37.689999,38.209999,37.689999,38.150002,37.547554,39100
FIDU,2019-08-19,38.549999,38.669998,38.490002,38.529999,37.921551,77600
FIDU,2019-08-20,38.480000,38.490002,38.290001,38.290001,37.685345,82400
FIDU,2019-08-21,38.610001,38.680000,38.500000,38.549999,37.941231,32800
FIDU,2019-08-22,38.639999,38.779999,38.330002,38.580002,37.970764,38000
FIDU,2019-08-23,38.330002,38.529999,37.349998,37.490002,36.897980,51000
FIDU,2019-08-26,37.930000,37.970001,37.490002,37.779999,37.183392,37600
FIDU,2019-08-27,37.959999,37.970001,37.529999,37.610001,37.016079,40500
FIDU,2019-08-28,37.500000,38.020000,37.369999,37.990002,37.390079,34500
FIDU,2019-08-29,38.389999,38.730000,38.389999,38.650002,38.039658,78100
FIDU,2019-08-30,38.919998,39.049999,38.790001,38.860001,38.246334,24600
FIDU,2019-09-03,38.520000,38.549999,38.040001,38.259998,37.655811,135600
FIDU,2019-09-04,38.619999,38.770000,38.570000,38.750000,38.138077,95400
FIDU,2019-09-05,39.180000,39.730000,39.180000,39.459999,38.836864,39200
FIDU,2019-09-06,39.560001,39.650002,39.490002,39.509998,38.886074,28200
FIDU,2019-09-09,39.630001,39.820000,39.580002,39.669998,39.043545,26100
FIDU,2019-09-10,39.610001,40.029999,39.400002,40.029999,39.397861,28700
FIDU,2019-09-11,40.130001,40.490002,39.910000,40.490002,39.850601,35300
FIDU,2019-09-12,40.570000,40.619999,40.310001,40.490002,39.850601,39700
FIDU,2019-09-13,40.650002,40.880001,40.650002,40.689999,40.047440,53700
FIDU,2019-09-16,40.590000,40.730000,40.560001,40.669998,40.027752,18900
FIDU,2019-09-17,40.580002,40.680000,40.450001,40.660000,40.017918,20400
FIDU,2019-09-18,40.509998,40.570000,40.139999,40.570000,39.929337,32500
FIDU,2019-09-19,40.599998,40.700001,40.349998,40.389999,39.752178,30500
FIDU,2019-09-20,40.310001,40.320000,39.880001,39.959999,39.510918,26300
FIDU,2019-09-23,39.750000,40.009998,39.590000,39.880001,39.431824,33200
FIDU,2019-09-24,40.000000,40.099998,39.450001,39.570000,39.125305,69800
FIDU,2019-09-25,39.700001,39.990002,39.570000,39.939999,39.491146,30200
FIDU,2019-09-26,39.990002,40.049999,39.750000,39.919998,39.471371,22200
FIDU,2019-09-27,40.029999,40.090000,39.580002,39.720001,39.273617,31000
FIDU,2019-09-30,39.779999,39.959999,39.779999,39.860001,39.412048,21800
FIDU,2019-10-01,40.009998,40.130001,38.869999,38.900002,38.462833,70400
FIDU,2019-10-02,38.590000,38.590000,37.930000,38.189999,37.760811,60100
FIDU,2019-10-03,38.099998,38.419998,37.639999,38.419998,37.988228,38300
FIDU,2019-10-04,38.500000,38.860001,38.470001,38.860001,38.423279,24400
FIDU,2019-10-07,38.740002,38.919998,38.580002,38.639999,38.205757,22000
FIDU,2019-10-08,38.270000,38.380001,37.980000,38.020000,37.592724,35800
FIDU,2019-10-09,38.290001,38.480000,38.150002,38.340000,37.909126,108800
FIDU,2019-10-10,38.340000,38.830002,38.340000,38.650002,38.215645,76800
FIDU,2019-10-11,39.130001,39.759998,39.130001,39.439999,38.996765,105700
FIDU,2019-10-14,39.349998,39.430000,39.259998,39.320000,38.878113,51000
FIDU,2019-10-15,39.430000,39.799999,39.430000,39.669998,39.224178,68000
FIDU,2019-10-16,39.549999,39.830002,39.549999,39.660000,39.214294,40900
FIDU,2019-10-17,39.810001,40.150002,39.810001,39.910000,39.461483,50900
FIDU,2019-10-18,39.820000,39.840000,39.560001,39.650002,39.204407,45300
FIDU,2019-10-21,39.770000,39.930000,39.770000,39.849998,39.402153,23900
FIDU,2019-10-22,39.939999,40.270000,39.820000,40.160000,39.708675,45500
FIDU,2019-10-23,40.139999,40.169998,40.000000,40.160000,39.708675,36700
FIDU,2019-10-24,40.209999,40.240002,39.939999,40.220001,39.767998,25000
FIDU,2019-10-25,40.209999,40.529999,40.209999,40.389999,39.936089,33700
FIDU,2019-10-28,40.520000,40.750000,40.520000,40.529999,40.074516,48300
FIDU,2019-10-29,40.400002,40.770000,40.349998,40.700001,40.242607,94700
FIDU,2019-10-30,40.810001,40.810001,40.500000,40.799999,40.341480,34500
FIDU,2019-10-31,40.630001,40.630001,40.189999,40.349998,39.896538,72200
FIDU,2019-11-01,40.610001,41.240002,40.610001,41.240002,40.776539,64600
FIDU,2019-11-04,41.470001,41.689999,41.240002,41.660000,41.191814,99000
FIDU,2019-11-05,41.790001,41.900002,41.630001,41.759998,41.290691,125700
FIDU,2019-11-06,41.770000,41.770000,41.549999,41.770000,41.300579,32700
FIDU,2019-11-07,42.000000,42.160000,41.820000,41.869999,41.399456,103300
FIDU,2019-11-08,41.799999,41.950001,41.570000,41.930000,41.458782,55000
FIDU,2019-11-11,41.730000,42.020000,41.669998,41.950001,41.478558,90300
FIDU,2019-11-12,42.049999,42.160000,41.910000,42.000000,41.527992,136300
FIDU,2019-11-13,41.799999,41.959999,41.709999,41.820000,41.350018,34600
FIDU,2019-11-14,41.720001,42.049999,41.720001,41.959999,41.488445,30900
FIDU,2019-11-15,42.209999,42.320000,42.139999,42.200001,41.725750,41100
FIDU,2019-11-18,42.180000,42.180000,42.000000,42.119999,41.646648,48800
FIDU,2019-11-19,42.209999,42.209999,41.990002,42.060001,41.587322,47600
FIDU,2019-11-20,41.930000,42.020000,41.610001,41.759998,41.290691,61200
FIDU,2019-11-21,41.820000,41.820000,41.599998,41.689999,41.221478,23800
FIDU,2019-11-22,41.820000,41.900002,41.689999,41.889999,41.419235,41600
FIDU,2019-11-25,42.070000,42.320000,41.970001,42.230000,41.755413,42600
FIDU,2019-11-26,42.279999,42.470001,42.270000,42.400002,41.923504,33200
FIDU,2019-11-27,42.400002,42.400002,42.250000,42.389999,41.913612,52100
FIDU,2019-11-29,42.310001,42.310001,42.080002,42.139999,41.666420,13200
FIDU,2019-12-02,42.230000,42.230000,41.529999,41.529999,41.063274,52100
FIDU,2019-12-03,41.080002,41.130001,40.860001,41.119999,40.657887,68400
FIDU,2019-12-04,41.279999,41.669998,41.230000,41.230000,40.766647,50800
FIDU,2019-12-05,41.320000,41.360001,41.160000,41.349998,40.885300,38000
FIDU,2019-12-06,41.580002,41.939999,41.580002,41.840000,41.369793,55500
FIDU,2019-12-09,41.790001,41.830002,41.669998,41.689999,41.221478,22900
FIDU,2019-12-10,41.630001,41.750000,41.540001,41.599998,41.132484,43400
FIDU,2019-12-11,41.650002,41.880001,41.560001,41.869999,41.399456,37600
FIDU,2019-12-12,41.930000,42.320000,41.810001,42.250000,41.775188,53400
FIDU,2019-12-13,42.290001,42.470001,42.000000,42.099998,41.626873,81400
FIDU,2019-12-16,42.279999,42.299999,42.090000,42.090000,41.616985,64500
FIDU,2019-12-17,42.119999,42.160000,42.029999,42.090000,41.616985,25400
FIDU,2019-12-18,42.110001,42.110001,41.840000,41.919998,41.448891,27400
FIDU,2019-12-19,41.889999,42.029999,41.880001,41.970001,41.498337,37900
FIDU,2019-12-20,41.959999,42.119999,41.889999,42.110001,41.806095,50200
FIDU,2019-12-23,42.230000,42.340000,42.169998,42.270000,41.964939,34100
FIDU,2019-12-24,42.330002,42.330002,42.160000,42.180000,41.875591,28700
FIDU,2019-12-26,42.250000,42.250000,42.070000,42.230000,41.925228,49300
FIDU,2019-12-27,42.270000,42.340000,42.180000,42.200001,41.895447,112300
FIDU,2019-12-30,42.200001,42.200001,41.919998,42.040001,41.761341,59200
FIDU,2019-12-31,42.029999,42.119999,41.889999,42.040001,41.761341,39400
FIDU,2020-01-02,42.310001,42.730000,42.150002,42.730000,42.446766,131300
FIDU,2020-01-03,42.299999,42.720001,42.200001,42.689999,42.407028,141400
FIDU,2020-01-06,42.490002,42.650002,42.349998,42.650002,42.367298,83900
FIDU,2020-01-07,42.560001,42.740002,42.419998,42.630001,42.347431,65000
FIDU,2020-01-08,42.599998,42.900002,42.580002,42.689999,42.407028,39600
FIDU,2020-01-09,42.880001,42.950001,42.790001,42.910000,42.625572,51200
FIDU,2020-01-10,42.970001,42.970001,42.560001,42.580002,42.297764,35100
FIDU,2020-01-13,42.669998,43.000000,42.639999,42.990002,42.705044,35300
FIDU,2020-01-14,42.980000,43.240002,42.880001,42.980000,42.695110,35600
FIDU,2020-01-15,43.009998,43.200001,42.939999,43.070000,42.784512,29200
FIDU,2020-01-16,43.279999,43.520000,43.259998,43.520000,43.231529,43700
FIDU,2020-01-17,43.520000,43.630001,43.450001,43.500000,43.211662,43200
FIDU,2020-01-21,43.349998,43.380001,42.919998,43.090000,42.804379,147200
FIDU,2020-01-22,43.220001,43.290001,42.849998,42.860001,42.575905,39900
FIDU,2020-01-23,42.860001,43.299999,42.660000,43.270000,42.983189,159200
FIDU,2020-01-24,43.330002,43.330002,42.730000,43.020000,42.734844,118200
FIDU,2020-01-27,42.270000,42.529999,42.119999,42.310001,42.029552,75600
FIDU,2020-01-28,42.490002,42.750000,42.310001,42.599998,42.317627,41500
FIDU,2020-01-29,42.910000,43.029999,42.709999,42.770000,42.486500,41500
FIDU,2020-01-30,42.369999,42.770000,42.240002,42.770000,42.486500,47700
FIDU,2020-01-31,42.570000,42.639999,41.680000,41.849998,41.572598,87600
FIDU,2020-02-03,41.970001,42.360001,41.810001,41.849998,41.572598,61600
FIDU,2020-02-04,42.430000,42.730000,42.430000,42.650002,42.367298,112300
FIDU,2020-02-05,43.110001,43.320000,42.919998,43.290001,43.003056,83100
FIDU,2020-02-06,43.459999,43.459999,43.160000,43.369999,43.082523,71800
FIDU,2020-02-07,43.209999,43.259998,43.000000,43.020000,42.734844,61500
FIDU,2020-02-10,42.939999,43.279999,42.939999,43.279999,42.993118,45700
FIDU,2020-02-11,43.400002,43.639999,43.369999,43.400002,43.112328,77600
FIDU,2020-02-12,43.639999,43.900002,43.560001,43.869999,43.579208,27800
FIDU,2020-02-13,43.650002,43.830002,43.540001,43.689999,43.400402,39500
FIDU,2020-02-14,43.709999,43.730000,43.470001,43.650002,43.360668,32900
FIDU,2020-02-18,43.480000,43.560001,43.240002,43.439999,43.152058,53800
FIDU,2020-02-19,43.549999,43.619999,43.419998,43.450001,43.161995,123900
FIDU,2020-02-20,43.369999,43.669998,43.169998,43.430000,43.142128,38400
FIDU,2020-02-21,43.259998,43.279999,43.040001,43.230000,42.943451,34700
FIDU,2020-02-24,41.919998,42.200001,41.750000,41.980000,41.701736,103300
FIDU,2020-02-25,42.080002,42.110001,40.250000,40.349998,40.082539,133600
FIDU,2020-02-26,40.490002,40.990002,39.910000,39.919998,39.655392,135600
FIDU,2020-02-27,38.910000,39.939999,38.470001,38.470001,38.215004,588800
FIDU,2020-02-28,37.230000,38.119999,36.910000,38.119999,37.867321,168000
FIDU,2020-03-02,38.349998,39.180000,37.680000,39.130001,38.870628,160100
FIDU,2020-03-03,39.250000,39.910000,38.020000,38.240002,37.986530,775200
FIDU,2020-03-04,38.840000,39.820000,38.529999,39.790001,39.526257,146100
FIDU,2020-03-05,38.770000,38.919998,37.799999,37.980000,37.728252,113600
FIDU,2020-03-06,36.849998,37.560001,36.630001,37.520000,37.271301,103600
FIDU,2020-03-09,34.720001,35.290001,33.799999,34.029999,33.804432,342600
FIDU,2020-03-10,35.290001,35.689999,33.860001,35.689999,35.453430,147500
FIDU,2020-03-11,34.599998,34.689999,33.240002,33.610001,33.387218,184300
FIDU,2020-03-12,30.670000,32.320000,30.000000,30.049999,29.850815,207600
FIDU,2020-03-13,31.250000,32.400002,30.190001,32.400002,32.185238,138800
FIDU,2020-03-16,28.400000,30.320000,28.400000,28.670000,28.479961,148000
FIDU,2020-03-17,29.120001,30.010000,28.030001,29.740000,29.542870,184000
FIDU,2020-03-18,27.870001,28.139999,25.969999,27.650000,27.466722,151000
FIDU,2020-03-19,27.090000,28.200001,26.280001,27.910000,27.725000,163700
FIDU,2020-03-20,27.910000,28.260000,26.309999,26.420000,26.420000,105700
FIDU,2020-03-23,26.230000,26.309999,24.750000,25.139999,25.139999,231700
FIDU,2020-03-24,26.750000,28.299999,26.740000,28.230000,28.230000,133700
FIDU,2020-03-25,28.870001,30.709999,28.120001,29.650000,29.650000,180600
FIDU,2020-03-26,30.120001,31.700001,30.000000,31.500000,31.500000,186200
FIDU,2020-03-27,30.520000,31.030001,29.860001,30.230000,30.230000,140500
FIDU,2020-03-30,30.270000,30.790001,29.760000,30.760000,30.760000,243500
FIDU,2020-03-31,30.620001,30.910000,30.280001,30.440001,30.440001,79200
FIDU,2020-04-01,29.020000,29.360001,28.530001,28.920000,28.920000,102900
FIDU,2020-04-02,28.700001,29.650000,28.700001,29.330000,29.330000,160100
FIDU,2020-04-03,29.219999,29.469999,28.500000,28.820000,28.820000,63000
FIDU,2020-04-06,30.020000,31.030001,30.020000,30.850000,30.850000,147600
FIDU,2020-04-07,32.049999,32.410000,30.940001,30.950001,30.950001,73800
FIDU,2020-04-08,31.410000,32.230000,31.230000,32.130001,32.130001,61300
FIDU,2020-04-09,32.799999,33.169998,32.470001,32.709999,32.709999,110600
FIDU,2020-04-13,32.630001,32.630001,31.450001,31.740000,31.740000,183600
FIDU,2020-04-14,32.419998,32.639999,32.000000,32.279999,32.279999,70700
FIDU,2020-04-15,31.670000,31.719999,30.870001,31.350000,31.350000,67700
FIDU,2020-04-16,31.330000,31.330000,30.620001,31.049999,31.049999,208600
FIDU,2020-04-17,32.139999,32.599998,32.070000,32.520000,32.520000,89800
FIDU,2020-04-20,32.049999,32.279999,31.570000,31.730000,31.730000,71900
FIDU,2020-04-21,30.920000,31.219999,30.799999,30.830000,30.830000,63200
FIDU,2020-04-22,31.480000,31.480000,31.070000,31.219999,31.219999,53600
FIDU,2020-04-23,31.379999,32.130001,31.379999,31.500000,31.500000,54000
FIDU,2020-04-24,31.750000,31.889999,31.330000,31.760000,31.760000,43700
FIDU,2020-04-27,31.969999,32.889999,31.969999,32.720001,32.720001,84300
FIDU,2020-04-28,33.330002,33.680000,33.000000,33.310001,33.310001,97500
FIDU,2020-04-29,33.919998,34.410000,33.790001,34.099998,34.099998,102200
FIDU,2020-04-30,33.810001,33.810001,33.139999,33.320000,33.320000,63600
FIDU,2020-05-01,32.689999,32.720001,32.080002,32.330002,32.330002,64700
FIDU,2020-05-04,31.950001,31.969999,31.500000,31.920000,31.920000,57800
FIDU,2020-05-05,32.250000,32.590000,32.139999,32.139999,32.139999,746900
FIDU,2020-05-06,32.310001,32.310001,31.709999,31.709999,31.709999,109100
FIDU,2020-05-07,32.180000,32.470001,32.020000,32.160000,32.160000,52200
FIDU,2020-05-08,32.459999,33.040001,32.459999,33.029999,33.029999,57100
FIDU,2020-05-11,32.639999,32.840000,32.349998,32.599998,32.599998,64700
FIDU,2020-05-12,32.660000,32.750000,31.600000,31.600000,31.600000,71900
FIDU,2020-05-13,31.469999,31.549999,30.530001,30.790001,30.790001,78200
FIDU,2020-05-14,30.290001,31.110001,29.719999,31.100000,31.100000,58400
FIDU,2020-05-15,30.799999,31.260000,30.799999,31.100000,31.100000,33500
FIDU,2020-05-18,32.209999,33.349998,32.209999,33.169998,33.169998,101100
FIDU,2020-05-19,33.119999,33.380001,32.750000,32.750000,32.750000,46900
FIDU,2020-05-20,33.180000,33.630001,33.180000,33.320000,33.320000,40900
FIDU,2020-05-21,33.330002,33.630001,33.220001,33.389999,33.389999,54600
FIDU,2020-05-22,33.400002,33.419998,33.139999,33.419998,33.419998,36300
FIDU,2020-05-26,34.490002,35.049999,34.490002,34.759998,34.759998,223700
FIDU,2020-05-27,35.540001,35.980000,35.270000,35.939999,35.939999,245800
FIDU,2020-05-28,36.419998,36.419998,35.529999,35.590000,35.590000,129200
FIDU,2020-05-29,35.290001,35.540001,34.880001,35.389999,35.389999,84900
FIDU,2020-06-01,35.380001,35.680000,35.240002,35.459999,35.459999,147500
FIDU,2020-06-02,35.660000,35.990002,35.599998,35.930000,35.930000,114200
FIDU,2020-06-03,36.389999,37.320000,36.180000,37.240002,37.240002,103600
FIDU,2020-06-04,37.250000,37.529999,37.000000,37.520000,37.520000,89800
FIDU,2020-06-05,38.939999,39.549999,38.779999,38.910000,38.910000,271000
FIDU,2020-06-08,39.570000,39.709999,39.360001,39.590000,39.590000,168800
FIDU,2020-06-09,38.950001,38.950001,38.500000,38.669998,38.669998,769700
FIDU,2020-06-10,38.599998,38.599998,37.639999,37.700001,37.700001,100000
FIDU,2020-06-11,36.090000,36.380001,35.040001,35.060001,35.060001,167900
FIDU,2020-06-12,36.230000,36.459999,34.840000,35.660000,35.660000,54800
FIDU,2020-06-15,34.630001,36.250000,34.410000,36.020000,36.020000,84300
FIDU,2020-06-16,37.529999,37.689999,36.250000,36.779999,36.779999,343400
