FMAT,2015-06-17,28.370000,28.410000,28.250000,28.400000,25.710000,6800
FMAT,2015-06-18,28.490000,28.650000,28.469999,28.610001,25.904423,9300
FMAT,2015-06-19,28.510000,28.510000,28.350000,28.350000,25.784369,9700
FMAT,2015-06-22,28.389999,28.400000,28.340000,28.379999,25.811653,19600
FMAT,2015-06-23,28.450001,28.450001,28.290001,28.350000,25.784369,11600
FMAT,2015-06-24,28.270000,28.309999,28.020000,28.040001,25.502428,19100
FMAT,2015-06-25,28.139999,28.139999,27.920000,28.000000,25.466042,24500
FMAT,2015-06-26,28.000000,28.049999,27.889999,27.920000,25.393290,22200
FMAT,2015-06-29,27.719999,27.750000,27.280001,27.280001,24.811203,10800
FMAT,2015-06-30,27.420000,27.490000,27.250000,27.280001,24.811203,1178000
FMAT,2015-07-01,27.389999,27.510000,27.309999,27.370001,24.893059,301400
FMAT,2015-07-02,27.459999,27.480000,27.200001,27.309999,24.838488,116500
FMAT,2015-07-06,27.090000,27.320000,26.950001,27.080000,24.629307,1328000
FMAT,2015-07-07,27.100000,27.100000,26.540001,26.980000,24.538351,31900
FMAT,2015-07-08,26.889999,26.889999,26.370001,26.410000,24.019936,17400
FMAT,2015-07-09,26.700001,26.770000,26.459999,26.490000,24.092699,14400
FMAT,2015-07-10,26.760000,26.870001,26.680000,26.820000,24.392836,40000
FMAT,2015-07-13,27.030001,27.150000,27.030001,27.150000,24.692966,112600
FMAT,2015-07-14,27.110001,27.330000,27.110001,27.299999,24.829391,57500
FMAT,2015-07-15,27.320000,27.320000,26.990000,27.010000,24.565634,17100
FMAT,2015-07-16,27.100000,27.100000,26.920000,26.959999,24.520161,32400
FMAT,2015-07-17,26.940001,26.940001,26.610001,26.719999,24.301882,20300
FMAT,2015-07-20,26.700001,26.700001,26.450001,26.469999,24.074509,894900
FMAT,2015-07-21,26.469999,26.620001,26.260000,26.320000,23.938080,28300
FMAT,2015-07-22,26.270000,26.379999,26.160000,26.209999,23.838037,156100
FMAT,2015-07-23,26.260000,26.260000,25.850000,25.860001,23.519712,33600
FMAT,2015-07-24,25.889999,25.889999,25.209999,25.370001,23.074051,31700
FMAT,2015-07-27,25.190001,25.340000,25.040001,25.070000,22.801207,39600
FMAT,2015-07-28,25.160000,25.660000,25.100000,25.660000,23.337812,25800
FMAT,2015-07-29,25.670000,25.910000,25.650000,25.879999,23.537901,18200
FMAT,2015-07-30,25.879999,25.980000,25.860001,25.969999,23.619755,17200
FMAT,2015-07-31,26.049999,26.139999,25.870001,25.889999,23.546997,19800
FMAT,2015-08-03,25.900000,25.900000,25.540001,25.690001,23.365091,1209900
FMAT,2015-08-04,25.730000,25.940001,25.730000,25.799999,23.465143,31100
FMAT,2015-08-05,26.030001,26.180000,25.860001,25.930000,23.583380,79300
FMAT,2015-08-06,25.959999,25.959999,25.799999,25.870001,23.528809,19700
FMAT,2015-08-07,25.820000,25.840000,25.480000,25.490000,23.183191,12900
FMAT,2015-08-10,25.670000,26.150000,25.670000,26.129999,23.765270,14600
FMAT,2015-08-11,25.850000,25.850000,25.580000,25.660000,23.337812,14200
FMAT,2015-08-12,25.500000,25.690001,25.370001,25.680000,23.356003,26300
FMAT,2015-08-13,25.670000,25.740000,25.590000,25.620001,23.301428,11300
FMAT,2015-08-14,25.639999,25.790001,25.639999,25.790001,23.456049,14600
FMAT,2015-08-17,25.709999,25.959999,25.690001,25.959999,23.610661,37700
FMAT,2015-08-18,25.889999,25.889999,25.750000,25.770000,23.437859,24900
FMAT,2015-08-19,25.670000,25.670000,25.309999,25.459999,23.155907,14000
FMAT,2015-08-20,25.309999,25.309999,25.010000,25.080000,22.810301,17900
FMAT,2015-08-21,24.820000,24.820000,24.379999,24.410000,22.200932,33400
FMAT,2015-08-24,23.340000,24.139999,22.010000,23.559999,21.427858,50000
FMAT,2015-08-25,24.180000,24.180000,22.969999,22.969999,20.891254,651000
FMAT,2015-08-26,23.389999,23.590000,23.150000,23.570000,21.436953,37200
FMAT,2015-08-27,23.879999,24.510000,23.879999,24.379999,22.173647,19000
FMAT,2015-08-28,24.360001,24.620001,24.360001,24.549999,22.328264,15300
FMAT,2015-08-31,24.440001,24.600000,24.260000,24.500000,22.282791,21400
FMAT,2015-09-01,23.920000,24.100000,23.610001,23.690001,21.546093,11900
FMAT,2015-09-02,23.969999,23.969999,23.660000,23.969999,21.800753,300800
FMAT,2015-09-03,24.070000,24.389999,24.070000,24.170000,21.982656,30600
FMAT,2015-09-04,23.809999,23.840000,23.680000,23.770000,21.618851,12200
FMAT,2015-09-08,24.110001,24.250000,24.000000,24.250000,22.055410,281200
FMAT,2015-09-09,24.420000,24.600000,24.080000,24.080000,21.900791,12300
FMAT,2015-09-10,24.020000,24.250000,23.990000,24.059999,21.882610,18000
FMAT,2015-09-11,23.969999,24.020000,23.870001,24.010000,21.837135,9700
FMAT,2015-09-14,24.030001,24.030001,23.730000,23.750000,21.600664,30800
FMAT,2015-09-15,23.790001,24.000000,23.760000,23.980000,21.809847,302900
FMAT,2015-09-16,24.010000,24.330000,23.950001,24.309999,22.109987,55300
FMAT,2015-09-17,24.290001,24.379999,24.219999,24.230000,22.037224,2000
FMAT,2015-09-18,23.719999,23.820000,23.540001,23.559999,21.566713,9600
FMAT,2015-09-21,23.660000,23.850000,23.590000,23.650000,21.649097,16500
FMAT,2015-09-22,23.379999,23.379999,23.049999,23.170000,21.209703,19400
FMAT,2015-09-23,23.250000,23.250000,22.719999,22.760000,20.834393,255200
FMAT,2015-09-24,22.600000,22.730000,22.290001,22.709999,20.788620,10300
FMAT,2015-09-25,22.940001,22.940001,22.530001,22.660000,20.742855,8800
FMAT,2015-09-28,22.469999,22.600000,21.879999,21.900000,20.047152,18900
FMAT,2015-09-29,21.920000,22.049999,21.820000,21.959999,20.102079,8600
FMAT,2015-09-30,22.170000,22.410000,22.090000,22.389999,20.495699,7500
FMAT,2015-10-01,22.469999,22.610001,22.410000,22.610001,20.697083,9300
FMAT,2015-10-02,22.430000,23.139999,22.430000,23.139999,21.182249,6400
FMAT,2015-10-05,23.299999,23.799999,23.299999,23.799999,21.786409,9700
FMAT,2015-10-06,23.910000,24.230000,23.910000,24.030001,21.996944,8400
FMAT,2015-10-07,24.110001,24.379999,24.030001,24.370001,22.308184,13500
FMAT,2015-10-08,24.340000,24.830000,24.340000,24.780001,22.683496,14400
FMAT,2015-10-09,24.840000,24.950001,24.740000,24.820000,22.720112,187400
FMAT,2015-10-12,24.799999,24.799999,24.480000,24.549999,22.472952,17600
FMAT,2015-10-13,24.430000,24.670000,24.410000,24.469999,22.399721,6400
FMAT,2015-10-14,24.540001,24.700001,24.510000,24.670000,22.582796,7200
FMAT,2015-10-15,24.719999,24.760000,24.420000,24.760000,22.665184,10200
FMAT,2015-10-16,24.820000,24.820000,24.639999,24.719999,22.628569,5500
FMAT,2015-10-19,24.580000,24.590000,24.440001,24.520000,22.445492,16000
FMAT,2015-10-20,24.549999,24.790001,24.520000,24.580000,22.500412,311600
FMAT,2015-10-21,24.610001,24.610001,24.299999,24.309999,22.253258,8100
FMAT,2015-10-22,24.530001,24.959999,24.530001,24.940001,22.829956,21400
FMAT,2015-10-23,25.160000,25.230000,25.049999,25.150000,23.022194,261000
FMAT,2015-10-26,25.110001,25.150000,24.959999,24.980000,22.866568,10000
FMAT,2015-10-27,24.830000,24.900000,24.629999,24.760000,22.665184,8300
FMAT,2015-10-28,24.900000,25.260000,24.900000,25.170000,23.040493,548400
FMAT,2015-10-29,25.110001,25.260000,25.110001,25.200001,23.067961,32300
FMAT,2015-10-30,25.350000,25.440001,25.240000,25.299999,23.159494,19500
FMAT,2015-11-02,25.320000,25.610001,25.320000,25.520000,23.360886,32000
FMAT,2015-11-03,25.500000,25.740000,25.469999,25.559999,23.397503,38800
FMAT,2015-11-04,25.580000,25.580000,25.379999,25.410000,23.260189,17400
FMAT,2015-11-05,25.400000,25.400000,25.000000,25.219999,23.086266,43700
FMAT,2015-11-06,25.030001,25.299999,25.030001,25.280001,23.141188,20100
FMAT,2015-11-09,25.250000,25.250000,24.900000,25.100000,22.976421,3400
FMAT,2015-11-10,25.030001,25.030001,24.799999,24.940001,22.829956,16700
FMAT,2015-11-11,24.840000,25.000000,24.840000,24.930000,22.820801,7200
FMAT,2015-11-12,24.709999,24.709999,24.379999,24.389999,22.326490,18700
FMAT,2015-11-13,24.400000,24.770000,24.330000,24.650000,22.564493,18100
FMAT,2015-11-16,24.670000,24.980000,24.670000,24.980000,22.866568,9000
FMAT,2015-11-17,24.969999,25.129999,24.910000,24.910000,22.802494,9000
FMAT,2015-11-18,25.030001,25.410000,25.030001,25.410000,23.260189,18900
FMAT,2015-11-19,25.400000,25.500000,25.340000,25.400000,23.251038,6500
FMAT,2015-11-20,25.480000,25.570000,25.260000,25.280001,23.141188,21000
FMAT,2015-11-23,25.360001,25.510000,25.320000,25.320000,23.177805,10800
FMAT,2015-11-24,25.270000,25.650000,25.219999,25.549999,23.388351,20700
FMAT,2015-11-25,25.510000,25.580000,25.480000,25.480000,23.324274,4100
FMAT,2015-11-27,25.459999,25.480000,25.340000,25.430000,23.278500,3200
FMAT,2015-11-30,25.540001,25.639999,25.480000,25.520000,23.360886,106400
FMAT,2015-12-01,25.540001,25.650000,25.480000,25.629999,23.461576,29500
FMAT,2015-12-02,25.549999,25.549999,25.209999,25.330000,23.186958,6400
FMAT,2015-12-03,25.389999,25.420000,25.000000,25.120001,22.994732,17200
FMAT,2015-12-04,25.120001,25.530001,25.120001,25.480000,23.324274,24300
FMAT,2015-12-07,25.299999,25.299999,24.870001,25.020000,22.903189,16200
FMAT,2015-12-08,24.730000,24.790001,24.540001,24.540001,22.463804,10400
FMAT,2015-12-09,24.980000,25.389999,24.879999,25.100000,22.976421,300300
FMAT,2015-12-10,25.030001,25.120001,24.910000,24.950001,22.839111,12900
FMAT,2015-12-11,24.440001,24.610001,24.309999,24.320000,22.262409,8500
FMAT,2015-12-14,24.219999,24.250000,23.820000,23.930000,21.905403,36300
FMAT,2015-12-15,24.240000,24.320000,24.100000,24.139999,22.097641,24200
FMAT,2015-12-16,24.320000,24.440001,23.990000,24.420000,22.353954,16100
FMAT,2015-12-17,24.420000,24.420000,24.040001,24.040001,22.006100,9200
FMAT,2015-12-18,23.790001,23.870001,23.700001,23.700001,21.791861,12900
FMAT,2015-12-21,23.650000,23.760000,23.570000,23.670000,21.764280,652900
FMAT,2015-12-22,23.820000,24.170000,23.770000,24.070000,22.132067,22300
FMAT,2015-12-23,24.240000,24.650000,24.240000,24.629999,22.646976,31000
FMAT,2015-12-24,24.610001,24.680000,24.580000,24.610001,22.628593,23800
FMAT,2015-12-28,24.459999,24.459999,24.290001,24.420000,22.453892,131000
FMAT,2015-12-29,24.520000,24.700001,24.500000,24.660000,22.680141,39100
FMAT,2015-12-30,24.549999,24.580000,24.400000,24.400000,22.441015,22200
FMAT,2015-12-31,24.340000,24.469999,24.260000,24.280001,22.330652,41300
FMAT,2016-01-04,23.870001,23.870001,23.559999,23.809999,21.898386,676900
FMAT,2016-01-05,23.889999,23.889999,23.719999,23.770000,21.861595,85200
FMAT,2016-01-06,23.480000,23.500000,23.150000,23.230000,21.364950,14200
FMAT,2016-01-07,22.830000,22.969999,22.500000,22.570000,20.757940,53300
FMAT,2016-01-08,22.760000,22.760000,22.280001,22.309999,20.518812,49300
FMAT,2016-01-11,22.469999,22.600000,21.889999,22.040001,20.270494,329000
FMAT,2016-01-12,22.150000,22.260000,21.799999,22.059999,20.288889,232100
FMAT,2016-01-13,22.180000,22.180000,21.500000,21.530001,19.801437,62900
FMAT,2016-01-14,21.610001,21.980000,21.440001,21.840000,20.086548,27600
FMAT,2016-01-15,21.330000,21.520000,21.080000,21.410000,19.691071,35200
FMAT,2016-01-19,21.600000,21.600000,20.879999,21.100000,19.405960,288600
FMAT,2016-01-20,20.809999,21.139999,20.290001,20.980000,19.295595,39400
FMAT,2016-01-21,21.070000,21.240000,20.879999,21.160000,19.461147,403100
FMAT,2016-01-22,21.490000,21.700001,21.360001,21.510000,19.783041,5900
FMAT,2016-01-25,21.350000,21.350000,20.780001,20.820000,19.148439,330400
FMAT,2016-01-26,20.980000,21.219999,20.889999,21.180000,19.479536,8400
FMAT,2016-01-27,21.150000,21.440001,21.010000,21.010000,19.323189,10200
FMAT,2016-01-28,21.200001,21.200001,20.969999,21.059999,19.369175,8300
FMAT,2016-01-29,21.190001,21.770000,21.190001,21.770000,20.022165,20200
FMAT,2016-02-01,21.660000,21.860001,21.450001,21.799999,20.049761,276300
FMAT,2016-02-02,21.709999,21.709999,21.490000,21.600000,19.865816,9300
FMAT,2016-02-03,21.809999,22.200001,21.500000,22.180000,20.399252,8400
FMAT,2016-02-04,22.219999,22.900000,22.219999,22.680000,20.859108,394900
FMAT,2016-02-05,22.639999,22.750000,22.420000,22.420000,20.619982,6300
FMAT,2016-02-08,22.270000,22.270000,21.639999,21.879999,20.123337,12400
FMAT,2016-02-09,21.709999,22.139999,21.709999,22.139999,20.362459,5000
FMAT,2016-02-10,22.180000,22.450001,21.959999,21.980000,20.215305,12200
FMAT,2016-02-11,21.600000,21.780001,21.389999,21.559999,19.829027,21200
FMAT,2016-02-12,21.740000,22.100000,21.740000,22.090000,20.316473,4700
FMAT,2016-02-16,22.330000,22.440001,22.200001,22.440001,20.638378,5400
FMAT,2016-02-17,22.610001,22.980000,22.610001,22.870001,21.033855,14700
FMAT,2016-02-18,22.930000,22.930000,22.670000,22.760000,20.932688,6800
FMAT,2016-02-19,22.650000,22.650000,22.440001,22.549999,20.739548,8400
FMAT,2016-02-22,22.790001,23.049999,22.790001,22.940001,21.098234,129000
FMAT,2016-02-23,22.809999,22.809999,22.400000,22.450001,20.647573,24100
FMAT,2016-02-24,22.230000,22.719999,22.100000,22.719999,20.895895,25900
FMAT,2016-02-25,22.700001,22.980000,22.580000,22.950001,21.107433,3600
FMAT,2016-02-26,23.180000,23.389999,23.180000,23.299999,21.429331,7800
FMAT,2016-02-29,23.330000,23.580000,23.250000,23.270000,21.401737,29100
FMAT,2016-03-01,23.510000,23.799999,23.379999,23.780001,21.870790,11800
FMAT,2016-03-02,23.520000,23.809999,23.520000,23.799999,21.889189,13000
FMAT,2016-03-03,23.799999,23.969999,23.760000,23.969999,22.045540,9600
FMAT,2016-03-04,24.120001,24.360001,24.000000,24.209999,22.266270,10700
FMAT,2016-03-07,24.260000,24.500000,24.260000,24.490000,22.523792,15700
FMAT,2016-03-08,24.280001,24.280001,23.900000,23.990000,22.063936,14800
FMAT,2016-03-09,24.260000,24.260000,23.990000,24.180000,22.238678,54500
FMAT,2016-03-10,24.370001,24.370001,24.100000,24.290001,22.339848,9000
FMAT,2016-03-11,24.670000,24.799999,24.559999,24.730000,22.744522,16900
FMAT,2016-03-14,24.590000,24.620001,24.490000,24.580000,22.606567,61600
FMAT,2016-03-15,24.320000,24.350000,24.250000,24.270000,22.321453,7300
FMAT,2016-03-16,24.320000,24.840000,24.320000,24.830000,22.836489,16300
FMAT,2016-03-17,24.860001,25.430000,24.860001,25.400000,23.360727,25100
FMAT,2016-03-18,25.500000,25.500000,25.180000,25.290001,23.392176,56900
FMAT,2016-03-21,25.270000,25.350000,25.100000,25.219999,23.327427,67200
FMAT,2016-03-22,25.100000,25.330000,25.100000,25.270000,23.373676,42500
FMAT,2016-03-23,25.200001,25.200001,24.900000,24.920000,23.049944,12300
FMAT,2016-03-24,24.750000,24.920000,24.600000,24.920000,23.049944,13300
FMAT,2016-03-28,24.990000,25.110001,24.920000,25.000000,23.123938,9200
FMAT,2016-03-29,24.889999,25.250000,24.889999,25.209999,23.318182,6800
FMAT,2016-03-30,25.420000,25.480000,25.250000,25.400000,23.493919,23400
FMAT,2016-03-31,25.389999,25.389999,25.129999,25.180000,23.290432,20100
FMAT,2016-04-01,25.010000,25.430000,24.850000,25.410000,23.503174,263700
FMAT,2016-04-04,25.410000,25.410000,25.129999,25.139999,23.253433,57700
FMAT,2016-04-05,24.950001,25.070000,24.950001,24.950001,23.077690,14900
FMAT,2016-04-06,25.030001,25.209999,24.770000,25.209999,23.318182,9300
FMAT,2016-04-07,25.290001,25.290001,24.799999,24.830000,22.966694,15100
FMAT,2016-04-08,25.090000,25.320000,25.090000,25.110001,23.225687,17200
FMAT,2016-04-11,25.290001,25.440001,25.230000,25.240000,23.345926,9100
FMAT,2016-04-12,25.299999,25.590000,25.299999,25.580000,23.660414,20600
FMAT,2016-04-13,25.700001,25.900000,25.690001,25.889999,23.947149,9600
FMAT,2016-04-14,25.920000,25.920000,25.780001,25.879999,23.937899,13800
FMAT,2016-04-15,25.889999,26.000000,25.889999,25.990000,24.039646,16500
FMAT,2016-04-18,25.879999,26.139999,25.879999,26.139999,24.178392,35800
FMAT,2016-04-19,26.219999,26.629999,26.219999,26.629999,24.631620,33500
FMAT,2016-04-20,26.670000,26.709999,26.480000,26.590000,24.594622,385200
FMAT,2016-04-21,26.680000,26.690001,26.469999,26.469999,24.483625,24800
FMAT,2016-04-22,26.559999,26.700001,26.530001,26.660000,24.659370,34000
FMAT,2016-04-25,26.629999,26.629999,26.309999,26.400000,24.418877,386100
FMAT,2016-04-26,26.660000,26.790001,26.530001,26.750000,24.742617,24600
FMAT,2016-04-27,26.830000,26.990000,26.750000,26.920000,24.899855,52900
FMAT,2016-04-28,26.940001,27.020000,26.629999,26.670000,24.668617,41700
FMAT,2016-04-29,26.690001,26.690001,26.389999,26.540001,24.548376,70900
FMAT,2016-05-02,26.629999,26.700001,26.450001,26.700001,24.696367,63000
FMAT,2016-05-03,26.459999,26.459999,26.090000,26.200001,24.233891,602200
FMAT,2016-05-04,26.080000,26.170000,25.840000,26.010000,24.058149,96100
FMAT,2016-05-05,26.160000,26.170000,25.830000,25.840000,23.900902,19800
FMAT,2016-05-06,25.799999,26.120001,25.770000,26.059999,24.104393,15400
FMAT,2016-05-09,25.990000,25.990000,25.680000,25.690001,23.762161,387000
FMAT,2016-05-10,25.799999,26.160000,25.799999,26.139999,24.178392,57600
FMAT,2016-05-11,26.170000,26.299999,26.129999,26.129999,24.169140,16300
FMAT,2016-05-12,26.469999,26.590000,26.100000,26.170000,24.206146,28000
FMAT,2016-05-13,26.129999,26.209999,25.860001,25.920000,23.974903,34400
FMAT,2016-05-16,26.020000,26.350000,26.020000,26.280001,24.307882,23500
FMAT,2016-05-17,26.209999,26.430000,26.090000,26.180000,24.215389,25800
FMAT,2016-05-18,26.059999,26.150000,25.670000,25.770000,23.836161,12400
FMAT,2016-05-19,25.650000,25.840000,25.540001,25.790001,23.854654,19700
FMAT,2016-05-20,25.950001,26.030001,25.900000,25.950001,24.002651,28700
FMAT,2016-05-23,26.040001,26.320000,26.040001,26.209999,24.243137,14400
FMAT,2016-05-24,26.350000,26.459999,26.260000,26.400000,24.418877,13600
FMAT,2016-05-25,26.530001,26.809999,26.530001,26.730000,24.724121,18700
FMAT,2016-05-26,26.870001,26.870001,26.510000,26.510000,24.520624,13000
FMAT,2016-05-27,26.459999,26.629999,26.459999,26.580000,24.585373,4000
FMAT,2016-05-31,26.639999,26.639999,26.410000,26.450001,24.465128,24300
FMAT,2016-06-01,26.200001,26.580000,26.160000,26.559999,24.566877,51600
FMAT,2016-06-02,26.440001,26.670000,26.379999,26.670000,24.668617,12300
FMAT,2016-06-03,26.680000,26.879999,26.680000,26.860001,24.844360,23400
FMAT,2016-06-06,26.910000,27.150000,26.910000,27.110001,25.075600,16000
FMAT,2016-06-07,27.150000,27.270000,27.150000,27.200001,25.158850,20800
FMAT,2016-06-08,27.330000,27.469999,27.270000,27.379999,25.325344,92900
FMAT,2016-06-09,27.240000,27.350000,27.059999,27.190001,25.149599,180000
FMAT,2016-06-10,27.030001,27.120001,26.940001,27.049999,25.020103,11500
FMAT,2016-06-13,27.049999,27.049999,26.680000,26.700001,24.696367,32300
FMAT,2016-06-14,26.650000,26.680000,26.330000,26.469999,24.483625,17000
FMAT,2016-06-15,26.650000,26.760000,26.610001,26.610001,24.613125,15100
FMAT,2016-06-16,26.690001,26.700001,26.299999,26.650000,24.650120,36300
FMAT,2016-06-17,26.600000,26.740000,26.469999,26.660000,24.771843,16100
FMAT,2016-06-20,27.000000,27.129999,26.850000,26.850000,24.948387,15900
FMAT,2016-06-21,26.879999,26.879999,26.680000,26.770000,24.874052,15800
FMAT,2016-06-22,26.830000,26.889999,26.730000,26.730000,24.836889,19400
FMAT,2016-06-23,27.000000,27.190001,27.000000,27.180000,25.255013,11200
FMAT,2016-06-24,26.389999,26.650000,25.920000,26.000000,24.158585,220400
FMAT,2016-06-27,25.780001,25.780001,24.950001,25.059999,23.285156,54400
FMAT,2016-06-28,25.340000,25.450001,25.070000,25.299999,23.508162,38900
FMAT,2016-06-29,25.650000,25.860001,25.610001,25.780001,23.954170,183200
FMAT,2016-06-30,25.870001,26.230000,25.780001,26.219999,24.363003,67700
FMAT,2016-07-01,26.209999,26.490000,26.209999,26.360001,24.493092,41700
FMAT,2016-07-05,26.170000,26.350000,25.760000,25.850000,24.019211,258900
FMAT,2016-07-06,26.020000,26.020000,25.660000,25.980000,24.140003,26200
FMAT,2016-07-07,25.980000,26.290001,25.969999,26.090000,24.242212,141200
FMAT,2016-07-08,26.559999,26.809999,26.280001,26.719999,24.827589,59900
FMAT,2016-07-11,26.930000,26.980000,26.809999,26.910000,25.004135,76100
FMAT,2016-07-12,27.059999,27.510000,27.059999,27.360001,25.422266,196400
FMAT,2016-07-13,27.490000,27.500000,27.290001,27.469999,25.524475,54900
FMAT,2016-07-14,27.760000,27.760000,27.540001,27.660000,25.701017,30400
FMAT,2016-07-15,27.760000,27.850000,27.700001,27.790001,25.821812,103600
FMAT,2016-07-18,27.809999,27.959999,27.680000,27.940001,25.961187,166600
FMAT,2016-07-19,27.920000,27.920000,27.629999,27.719999,25.756765,93700
FMAT,2016-07-20,27.610001,27.830000,27.570000,27.740000,25.775351,213100
FMAT,2016-07-21,27.719999,27.790001,27.500000,27.590000,25.635977,26600
FMAT,2016-07-22,27.570000,27.700001,27.510000,27.620001,25.663851,28300
FMAT,2016-07-25,27.629999,27.629999,27.400000,27.549999,25.598806,141300
FMAT,2016-07-26,27.639999,27.809999,27.639999,27.799999,25.831102,18500
FMAT,2016-07-27,27.950001,27.950001,27.670000,27.860001,25.886854,16900
FMAT,2016-07-28,27.889999,27.889999,27.719999,27.850000,25.877560,21100
FMAT,2016-07-29,27.809999,27.809999,27.500000,27.719999,25.756765,10800
FMAT,2016-08-01,27.740000,27.740000,27.459999,27.549999,25.598806,123200
FMAT,2016-08-02,27.600000,27.620001,27.280001,27.440001,25.496601,165100
FMAT,2016-08-03,27.389999,27.650000,27.379999,27.570000,25.617392,21300
FMAT,2016-08-04,27.600000,27.760000,27.540001,27.650000,25.691729,36500
FMAT,2016-08-05,27.790001,27.820000,27.730000,27.750000,25.784641,49900
FMAT,2016-08-08,27.860001,27.900000,27.780001,27.840000,25.868273,56500
FMAT,2016-08-09,27.889999,27.910000,27.690001,27.750000,25.784641,59500
FMAT,2016-08-10,27.780001,27.850000,27.709999,27.750000,25.784641,25400
FMAT,2016-08-11,27.780001,27.900000,27.719999,27.870001,25.896145,22800
FMAT,2016-08-12,27.860001,27.860001,27.500000,27.570000,25.617392,39900
FMAT,2016-08-15,27.709999,27.930000,27.709999,27.860001,25.886854,44500
FMAT,2016-08-16,27.850000,27.959999,27.709999,27.719999,25.756765,82600
FMAT,2016-08-17,27.719999,27.719999,27.469999,27.660000,25.701017,17600
FMAT,2016-08-18,27.680000,27.870001,27.670000,27.870001,25.896145,17300
FMAT,2016-08-19,27.709999,27.940001,27.700001,27.900000,25.924019,20600
FMAT,2016-08-22,27.850000,27.920000,27.690001,27.910000,25.933311,16500
FMAT,2016-08-23,28.049999,28.170000,28.049999,28.080000,26.091270,19800
FMAT,2016-08-24,28.080000,28.080000,27.700001,27.750000,25.784641,19700
FMAT,2016-08-25,27.750000,27.910000,27.750000,27.879999,25.905437,12100
FMAT,2016-08-26,28.020000,28.219999,27.650000,27.750000,25.784641,33900
FMAT,2016-08-29,27.809999,28.090000,27.809999,28.020000,26.035524,17100
FMAT,2016-08-30,28.000000,28.150000,27.900000,27.950001,25.970476,30200
FMAT,2016-08-31,27.940001,27.940001,27.620001,27.740000,25.775351,21600
FMAT,2016-09-01,27.770000,27.820000,27.600000,27.820000,25.849682,49100
FMAT,2016-09-02,28.020000,28.100000,27.940001,28.059999,26.072687,22200
FMAT,2016-09-06,28.150000,28.190001,27.940001,28.090000,26.100561,23400
FMAT,2016-09-07,28.030001,28.080000,27.889999,28.070000,26.081982,24900
FMAT,2016-09-08,28.059999,28.059999,27.870001,27.910000,25.933311,49900
FMAT,2016-09-09,27.770000,27.770000,27.000000,27.030001,25.115639,39300
FMAT,2016-09-12,26.780001,27.360001,26.780001,27.309999,25.375807,39100
FMAT,2016-09-13,27.030001,27.070000,26.590000,26.770000,24.874052,72900
FMAT,2016-09-14,26.740000,26.889999,26.629999,26.690001,24.799717,21900
FMAT,2016-09-15,26.740000,26.940001,26.740000,26.920000,25.013424,15800
FMAT,2016-09-16,26.620001,26.730000,26.580000,26.670000,24.905102,24800
FMAT,2016-09-19,26.870001,26.940001,26.730000,26.780001,25.007828,96600
FMAT,2016-09-20,26.879999,26.879999,26.709999,26.709999,24.942455,12100
FMAT,2016-09-21,26.799999,27.160000,26.799999,27.160000,25.362677,24100
FMAT,2016-09-22,27.360001,27.469999,27.190001,27.260000,25.456060,39000
FMAT,2016-09-23,27.250000,27.290001,27.129999,27.139999,25.344000,14700
FMAT,2016-09-26,27.040001,27.180000,27.010000,27.030001,25.241282,39300
FMAT,2016-09-27,26.930000,27.110001,26.879999,27.110001,25.315987,16200
FMAT,2016-09-28,27.190001,27.450001,27.020000,27.450001,25.633484,33600
FMAT,2016-09-29,27.330000,27.480000,27.190001,27.209999,25.409370,36600
FMAT,2016-09-30,27.299999,27.500000,27.290001,27.400000,25.586794,42400
FMAT,2016-10-03,27.430000,27.450001,27.240000,27.299999,25.493412,492000
FMAT,2016-10-04,27.260000,27.379999,26.879999,26.879999,25.101204,49400
FMAT,2016-10-05,27.070000,27.180000,27.030001,27.090000,25.297310,38600
FMAT,2016-10-06,27.049999,27.290001,27.040001,27.290001,25.484076,24000
FMAT,2016-10-07,27.280001,27.280001,26.740000,26.850000,25.073193,63000
FMAT,2016-10-10,27.030001,27.190001,26.969999,26.980000,25.194588,37800
FMAT,2016-10-11,26.830000,26.830000,26.480000,26.650000,24.886429,322400
FMAT,2016-10-12,26.510000,26.660000,26.500000,26.629999,24.867748,19900
FMAT,2016-10-13,26.250000,26.520000,26.100000,26.450001,24.699661,53400
FMAT,2016-10-14,26.510000,26.690001,26.480000,26.530001,24.774372,20100
FMAT,2016-10-17,26.510000,26.639999,26.510000,26.580000,24.821060,10500
FMAT,2016-10-18,26.870001,26.889999,26.730000,26.840000,25.063854,24000
FMAT,2016-10-19,26.950001,27.110001,26.840000,27.090000,25.297310,22900
FMAT,2016-10-20,27.010000,27.110001,26.840000,27.049999,25.259956,13900
FMAT,2016-10-21,26.870001,27.030001,26.770000,27.030001,25.241282,13100
FMAT,2016-10-24,27.160000,27.160000,27.010000,27.080000,25.287973,10300
FMAT,2016-10-25,27.040001,27.040001,26.780001,26.790001,25.017162,112500
FMAT,2016-10-26,26.690001,26.790001,26.600000,26.740000,24.970472,20200
FMAT,2016-10-27,26.700001,26.770000,26.600000,26.660000,24.895765,17700
FMAT,2016-10-28,26.750000,26.920000,26.559999,26.680000,24.914446,15800
FMAT,2016-10-31,26.750000,26.770000,26.680000,26.709999,24.942455,40400
FMAT,2016-11-01,26.799999,26.900000,26.440001,26.559999,24.802387,86400
FMAT,2016-11-02,26.520000,26.650000,26.400000,26.410000,24.662310,198600
FMAT,2016-11-03,26.410000,26.570000,26.410000,26.450001,24.699661,37000
FMAT,2016-11-04,26.469999,26.750000,26.469999,26.610001,24.849075,24900
FMAT,2016-11-07,26.900000,26.980000,26.840000,26.969999,25.185253,34400
FMAT,2016-11-08,26.959999,27.200001,26.879999,27.120001,25.325329,32100
FMAT,2016-11-09,27.010000,27.889999,26.760000,27.770000,25.932312,83600
FMAT,2016-11-10,27.940001,28.240000,27.920000,28.090000,26.231133,263000
FMAT,2016-11-11,28.100000,28.100000,27.639999,27.840000,25.997681,138700
FMAT,2016-11-14,28.120001,28.120001,27.870001,28.049999,26.193781,148100
FMAT,2016-11-15,28.120001,28.209999,27.940001,28.190001,26.324516,251300
FMAT,2016-11-16,28.180000,28.190001,28.049999,28.120001,26.259151,212600
FMAT,2016-11-17,28.240000,28.240000,28.030001,28.139999,26.277826,187300
FMAT,2016-11-18,28.170000,28.170000,28.049999,28.110001,26.249809,145100
FMAT,2016-11-21,28.309999,28.440001,28.230000,28.440001,26.557972,153800
FMAT,2016-11-22,28.600000,28.750000,28.500000,28.740000,26.838114,155900
FMAT,2016-11-23,28.740000,28.840000,28.580000,28.830000,26.922167,151100
FMAT,2016-11-25,29.250000,29.250000,28.830000,28.920000,27.006210,122800
FMAT,2016-11-28,28.910000,28.940001,28.660000,28.719999,26.819441,64000
FMAT,2016-11-29,28.650000,28.910000,28.510000,28.809999,26.903490,228800
FMAT,2016-11-30,29.389999,29.389999,28.850000,29.049999,27.127607,85800
FMAT,2016-12-01,29.080000,29.219999,28.900000,28.980000,27.062241,97500
FMAT,2016-12-02,29.020000,29.070000,28.860001,29.010000,27.090256,92400
FMAT,2016-12-05,29.180000,29.389999,29.180000,29.330000,27.389078,117300
FMAT,2016-12-06,29.379999,29.400000,29.180000,29.400000,27.454441,99300
FMAT,2016-12-07,29.450001,29.809999,29.450001,29.790001,27.818636,127000
FMAT,2016-12-08,29.879999,30.129999,29.840000,30.059999,28.070770,170000
FMAT,2016-12-09,30.100000,30.100000,29.850000,29.969999,27.986725,75600
FMAT,2016-12-12,30.110001,30.110001,29.799999,29.820000,27.846651,177400
FMAT,2016-12-13,29.910000,29.980000,29.570000,29.730000,27.762608,113600
FMAT,2016-12-14,29.740000,29.780001,29.370001,29.370001,27.426432,61700
FMAT,2016-12-15,29.750000,29.750000,29.209999,29.540001,27.585182,172900
FMAT,2016-12-16,29.549999,29.549999,29.290001,29.290001,27.456758,53100
FMAT,2016-12-19,29.350000,29.370001,29.180000,29.309999,27.475502,64800
FMAT,2016-12-20,29.379999,29.400000,29.240000,29.379999,27.541119,74300
FMAT,2016-12-21,29.430000,29.500000,29.360001,29.400000,27.559866,68900
FMAT,2016-12-22,29.370001,29.370001,29.100000,29.170000,27.344265,37300
FMAT,2016-12-23,29.160000,29.280001,29.100000,29.280001,27.447382,26400
FMAT,2016-12-27,29.379999,29.450001,29.370001,29.389999,27.550497,42300
FMAT,2016-12-28,29.580000,29.580000,29.080000,29.110001,27.288023,36100
FMAT,2016-12-29,29.139999,29.209999,29.020000,29.090000,27.269272,32000
FMAT,2016-12-30,29.150000,29.260000,28.780001,28.840000,27.034920,57000
FMAT,2017-01-03,29.100000,29.230000,28.860001,29.049999,27.231777,291000
FMAT,2017-01-04,29.209999,29.620001,29.209999,29.600000,27.747349,128600
FMAT,2017-01-05,29.660000,29.670000,29.389999,29.510000,27.662983,60300
FMAT,2017-01-06,29.639999,29.639999,29.299999,29.389999,27.550497,208400
FMAT,2017-01-09,29.420000,29.610001,29.330000,29.330000,27.494253,54700
FMAT,2017-01-10,29.360001,29.540001,29.340000,29.480000,27.634863,198200
FMAT,2017-01-11,29.500000,29.709999,29.459999,29.709999,27.850470,57100
FMAT,2017-01-12,29.700001,29.700001,29.389999,29.610001,27.756729,77400
FMAT,2017-01-13,29.660000,29.700001,29.540001,29.600000,27.747349,42000
FMAT,2017-01-17,29.610001,29.610001,29.360001,29.430000,27.587990,54100
FMAT,2017-01-18,29.540001,29.680000,29.480000,29.660000,27.803598,96200
FMAT,2017-01-19,29.719999,29.719999,29.309999,29.420000,27.578619,38100
FMAT,2017-01-20,29.549999,29.740000,29.500000,29.650000,27.794224,80600
FMAT,2017-01-23,29.730000,29.760000,29.549999,29.740000,27.878590,55100
FMAT,2017-01-24,29.950001,30.600000,29.950001,30.520000,28.609770,147400
FMAT,2017-01-25,30.690001,30.760000,30.450001,30.709999,28.787876,202100
FMAT,2017-01-26,30.790001,30.879999,30.600000,30.730000,28.806625,129400
FMAT,2017-01-27,30.760000,30.760000,30.600000,30.690001,28.769131,103300
FMAT,2017-01-30,30.650000,30.650000,30.129999,30.340000,28.441036,217900
FMAT,2017-01-31,30.330000,30.330000,30.059999,30.209999,28.319172,159400
FMAT,2017-02-01,30.270000,30.459999,30.110001,30.389999,28.487907,256000
FMAT,2017-02-02,30.430000,30.430000,30.200001,30.299999,28.403536,169200
FMAT,2017-02-03,30.330000,30.450001,30.250000,30.370001,28.469162,242500
FMAT,2017-02-06,30.420000,30.420000,30.180000,30.309999,28.412910,140100
FMAT,2017-02-07,30.280001,30.320000,30.049999,30.070000,28.187935,104500
FMAT,2017-02-08,30.120001,30.190001,29.959999,30.190001,28.300425,121000
FMAT,2017-02-09,30.170000,30.280001,30.090000,30.250000,28.356668,145500
FMAT,2017-02-10,30.400000,30.540001,30.299999,30.500000,28.591026,92400
FMAT,2017-02-13,30.740000,30.850000,30.690001,30.750000,28.825373,112900
FMAT,2017-02-14,30.719999,30.740000,30.549999,30.740000,28.816000,112900
FMAT,2017-02-15,30.709999,30.809999,30.680000,30.790001,28.862871,406400
FMAT,2017-02-16,30.799999,30.870001,30.620001,30.740000,28.816000,145700
FMAT,2017-02-17,30.719999,30.750000,30.580000,30.629999,28.712883,119900
FMAT,2017-02-21,30.719999,30.900000,30.700001,30.889999,28.956612,252800
FMAT,2017-02-22,30.780001,31.010000,30.700001,30.870001,28.937864,71000
FMAT,2017-02-23,31.000000,31.030001,30.549999,30.549999,28.637890,76200
FMAT,2017-02-24,30.510000,30.600000,30.350000,30.600000,28.684761,72300
FMAT,2017-02-27,30.600000,30.790001,30.520000,30.549999,28.637890,169500
FMAT,2017-02-28,30.570000,30.639999,30.450001,30.530001,28.619146,96700
FMAT,2017-03-01,30.870001,31.219999,30.870001,31.150000,29.200338,340300
FMAT,2017-03-02,31.150000,31.150000,30.719999,30.760000,28.834747,107300
FMAT,2017-03-03,30.790001,30.870001,30.650000,30.760000,28.834747,66500
FMAT,2017-03-06,30.690001,30.690001,30.469999,30.540001,28.628519,111700
FMAT,2017-03-07,30.500000,30.610001,30.270000,30.270000,28.375418,92100
FMAT,2017-03-08,30.330000,30.559999,30.250000,30.309999,28.412910,86400
FMAT,2017-03-09,30.250000,30.350000,30.000000,30.120001,28.234808,117000
FMAT,2017-03-10,30.280001,30.400000,30.160000,30.260000,28.366039,79900
FMAT,2017-03-13,30.370001,30.430000,30.309999,30.430000,28.525402,53600
FMAT,2017-03-14,30.340000,30.340000,30.139999,30.219999,28.328543,147700
FMAT,2017-03-15,30.370001,30.809999,30.330000,30.770000,28.844120,65100
FMAT,2017-03-16,30.879999,30.879999,30.540001,30.559999,28.647264,91200
FMAT,2017-03-17,30.580000,30.670000,30.530001,30.600000,28.810146,43300
FMAT,2017-03-20,30.700001,30.709999,30.450001,30.690001,28.894884,87700
FMAT,2017-03-21,30.790001,30.790001,30.020000,30.049999,28.292318,120700
FMAT,2017-03-22,30.040001,30.200001,29.900000,30.200001,28.433546,68500
FMAT,2017-03-23,30.150000,30.360001,30.049999,30.270000,28.499451,28700
FMAT,2017-03-24,30.360001,30.360001,29.879999,30.020000,28.264071,42600
FMAT,2017-03-27,29.840000,30.120001,29.610001,30.059999,28.301731,61600
FMAT,2017-03-28,30.090000,30.520000,30.090000,30.430000,28.650091,140500
FMAT,2017-03-29,30.420000,30.520000,30.309999,30.430000,28.650091,33800
FMAT,2017-03-30,30.450001,30.610001,30.450001,30.510000,28.725412,31900
FMAT,2017-03-31,30.459999,30.680000,30.459999,30.530001,28.744240,30300
FMAT,2017-04-03,30.600000,30.680000,30.120001,30.320000,28.546524,421400
FMAT,2017-04-04,30.309999,30.480000,30.280001,30.459999,28.678335,66600
FMAT,2017-04-05,30.620001,30.760000,30.330000,30.340000,28.565351,73700
FMAT,2017-04-06,30.360001,30.629999,30.340000,30.510000,28.725412,65000
FMAT,2017-04-07,30.510000,30.650000,30.450001,30.549999,28.763073,27100
FMAT,2017-04-10,30.590000,30.629999,30.450001,30.520000,28.734827,35300
FMAT,2017-04-11,30.540001,30.590000,30.350000,30.540001,28.753658,41000
FMAT,2017-04-12,30.500000,30.500000,30.100000,30.139999,28.377052,42500
FMAT,2017-04-13,30.110001,30.129999,29.770000,29.820000,28.075773,43700
FMAT,2017-04-17,29.959999,30.000000,29.830000,30.000000,28.245245,52100
FMAT,2017-04-18,29.860001,30.080000,29.850000,30.000000,28.245245,47900
FMAT,2017-04-19,30.139999,30.160000,29.969999,30.000000,28.245245,25200
FMAT,2017-04-20,30.139999,30.480000,30.139999,30.370001,28.593601,44600
FMAT,2017-04-21,30.360001,30.450001,30.270000,30.400000,28.621843,50900
FMAT,2017-04-24,30.700001,30.850000,30.670000,30.770000,28.970203,56800
FMAT,2017-04-25,31.020000,31.260000,31.000000,31.200001,29.375048,125400
FMAT,2017-04-26,31.070000,31.290001,31.049999,31.160000,29.337391,64900
FMAT,2017-04-27,31.180000,31.190001,30.940001,31.070000,29.252655,52700
FMAT,2017-04-28,31.110001,31.110001,30.840000,30.870001,29.064356,34100
FMAT,2017-05-01,30.930000,30.950001,30.750000,30.809999,29.007864,79600
FMAT,2017-05-02,30.860001,30.879999,30.690001,30.830000,29.026695,129800
FMAT,2017-05-03,30.799999,30.799999,30.450001,30.500000,28.715998,43100
FMAT,2017-05-04,30.500000,30.540001,30.420000,30.500000,28.715998,29200
FMAT,2017-05-05,30.620001,30.910000,30.610001,30.879999,29.073767,20700
FMAT,2017-05-08,30.840000,30.840000,30.610001,30.639999,28.847801,40100
FMAT,2017-05-09,30.639999,30.660000,30.420000,30.480000,28.697165,112600
FMAT,2017-05-10,30.480000,30.650000,30.450001,30.620001,28.828978,23800
FMAT,2017-05-11,30.610001,30.610001,30.309999,30.559999,28.772484,22600
FMAT,2017-05-12,30.530001,30.559999,30.430000,30.480000,28.697165,28000
FMAT,2017-05-15,30.639999,30.850000,30.639999,30.770000,28.970203,23600
FMAT,2017-05-16,30.840000,30.850000,30.719999,30.830000,29.026695,28700
FMAT,2017-05-17,30.459999,30.540001,30.139999,30.139999,28.377052,76000
FMAT,2017-05-18,30.080000,30.230000,29.900000,30.139999,28.377052,66600
FMAT,2017-05-19,30.200001,30.510000,30.200001,30.360001,28.584188,24500
FMAT,2017-05-22,30.549999,30.549999,30.350000,30.389999,28.612431,58200
FMAT,2017-05-23,30.490000,30.620001,30.400000,30.540001,28.753658,27100
FMAT,2017-05-24,30.559999,30.770000,30.559999,30.700001,28.904297,39000
FMAT,2017-05-25,30.790001,30.850000,30.540001,30.620001,28.828978,65000
FMAT,2017-05-26,30.610001,30.680000,30.580000,30.680000,28.885469,39300
FMAT,2017-05-30,30.590000,30.700001,30.549999,30.660000,28.866640,117900
FMAT,2017-05-31,30.650000,30.660000,30.370001,30.620001,28.828978,29300
FMAT,2017-06-01,30.639999,31.049999,30.639999,31.010000,29.196165,59000
FMAT,2017-06-02,31.090000,31.209999,31.010000,31.110001,29.290316,59500
FMAT,2017-06-05,31.110001,31.150000,30.980000,31.020000,29.205584,113700
FMAT,2017-06-06,30.940001,31.070000,30.879999,30.990000,29.177334,16600
FMAT,2017-06-07,31.100000,31.110001,30.930000,31.020000,29.205584,30000
FMAT,2017-06-08,30.930000,31.219999,30.930000,31.190001,29.365639,24000
FMAT,2017-06-09,31.240000,31.559999,31.240000,31.540001,29.695166,24300
FMAT,2017-06-12,31.520000,31.629999,31.350000,31.410000,29.572765,47600
FMAT,2017-06-13,31.490000,31.790001,31.450001,31.790001,29.930544,69900
FMAT,2017-06-14,31.850000,31.850000,31.350000,31.389999,29.553938,31100
FMAT,2017-06-15,31.230000,31.250000,30.980000,31.120001,29.299730,26700
FMAT,2017-06-16,30.990000,31.080000,30.870001,31.080000,29.389563,27600
FMAT,2017-06-19,31.230000,31.370001,31.230000,31.350000,29.644880,19300
FMAT,2017-06-20,31.240000,31.270000,31.160000,31.170000,29.474670,15400
FMAT,2017-06-21,31.180000,31.209999,30.879999,30.879999,29.200441,23000
FMAT,2017-06-22,30.879999,31.020000,30.790001,30.969999,29.285543,23700
FMAT,2017-06-23,31.040001,31.180000,30.910000,31.080000,29.389563,25800
FMAT,2017-06-26,31.170000,31.190001,31.020000,31.150000,29.455759,19600
FMAT,2017-06-27,31.160000,31.270000,30.969999,30.969999,29.285543,19000
FMAT,2017-06-28,31.190001,31.389999,31.190001,31.340000,29.635422,20000
FMAT,2017-06-29,31.379999,31.379999,30.910000,31.020000,29.332827,18400
FMAT,2017-06-30,31.160000,31.330000,31.139999,31.230000,29.531403,17200
FMAT,2017-07-03,31.350000,31.510000,31.299999,31.469999,29.758350,166100
FMAT,2017-07-05,31.500000,31.500000,31.190001,31.350000,29.644880,238700
FMAT,2017-07-06,31.280001,31.370001,31.150000,31.150000,29.455759,57100
FMAT,2017-07-07,31.209999,31.379999,31.110001,31.350000,29.644880,52800
FMAT,2017-07-10,31.320000,31.650000,31.280001,31.570000,29.852911,18800
FMAT,2017-07-11,31.530001,31.570000,31.389999,31.570000,29.852911,11700
FMAT,2017-07-12,31.719999,31.930000,31.670000,31.930000,30.193333,98000
FMAT,2017-07-13,31.940001,31.940001,31.799999,31.900000,30.164961,15200
FMAT,2017-07-14,31.969999,32.090000,31.959999,32.029999,30.287891,29700
FMAT,2017-07-17,32.090000,32.209999,32.049999,32.160000,30.410824,28600
FMAT,2017-07-18,32.090000,32.090000,31.900000,32.020000,30.278439,33500
FMAT,2017-07-19,32.029999,32.360001,32.029999,32.360001,30.599945,51500
FMAT,2017-07-20,32.279999,32.279999,32.020000,32.110001,30.363543,42900
FMAT,2017-07-21,32.029999,32.110001,31.940001,32.070000,30.325716,32100
FMAT,2017-07-24,32.029999,32.040001,31.889999,32.000000,30.259527,42800
FMAT,2017-07-25,32.270000,32.389999,32.270000,32.330002,30.571575,27600
FMAT,2017-07-26,32.340000,32.340000,32.070000,32.119999,30.372997,32200
FMAT,2017-07-27,32.169998,32.169998,31.799999,31.969999,30.231157,45900
FMAT,2017-07-28,31.969999,31.969999,31.709999,31.840000,30.108229,28100
FMAT,2017-07-31,31.889999,31.889999,31.590000,31.620001,29.900196,220600
FMAT,2017-08-01,31.820000,31.820000,31.549999,31.700001,29.975840,85200
FMAT,2017-08-02,31.590000,31.719999,31.420000,31.680000,29.956930,137100
FMAT,2017-08-03,31.700001,31.760000,31.370001,31.430000,29.720526,31400
FMAT,2017-08-04,31.540001,31.600000,31.530001,31.559999,29.843456,16100
FMAT,2017-08-07,31.610001,31.690001,31.600000,31.600000,29.881281,36900
FMAT,2017-08-08,31.570000,31.610001,31.309999,31.330000,29.625967,58800
FMAT,2017-08-09,31.330000,31.379999,31.190001,31.250000,29.550320,58500
FMAT,2017-08-10,31.190001,31.230000,30.889999,30.930000,29.247721,93300
FMAT,2017-08-11,30.860001,30.969999,30.490000,30.889999,29.209898,54900
FMAT,2017-08-14,31.010000,31.190001,31.010000,31.170000,29.474670,32200
FMAT,2017-08-15,31.170000,31.260000,31.070000,31.180000,29.484119,233400
FMAT,2017-08-16,31.250000,31.450001,31.250000,31.450001,29.739437,24900
FMAT,2017-08-17,31.400000,31.420000,30.940001,30.940001,29.257177,83600
FMAT,2017-08-18,30.940001,31.049999,30.820000,30.940001,29.257177,16300
FMAT,2017-08-21,30.980000,31.040001,30.940001,30.950001,29.266636,22600
FMAT,2017-08-22,31.040001,31.379999,31.040001,31.350000,29.644880,35300
FMAT,2017-08-23,31.260000,31.400000,31.150000,31.340000,29.635422,18800
FMAT,2017-08-24,31.370001,31.379999,31.260000,31.290001,29.588144,17600
FMAT,2017-08-25,31.430000,31.440001,31.330000,31.370001,29.663792,25300
FMAT,2017-08-28,31.469999,31.490000,31.330000,31.490000,29.777262,28400
FMAT,2017-08-29,31.320000,31.370001,31.219999,31.340000,29.635422,27700
FMAT,2017-08-30,31.299999,31.629999,31.290001,31.610001,29.890736,34600
FMAT,2017-08-31,31.730000,31.900000,31.730000,31.850000,30.117683,71000
FMAT,2017-09-01,31.920000,32.139999,31.840000,32.119999,30.372997,112900
FMAT,2017-09-05,32.119999,32.119999,31.730000,31.770000,30.042034,113500
FMAT,2017-09-06,31.809999,31.870001,31.620001,31.850000,30.117683,36400
FMAT,2017-09-07,31.850000,31.900000,31.719999,31.889999,30.155506,32000
FMAT,2017-09-08,31.879999,31.900000,31.760000,31.860001,30.127140,30100
FMAT,2017-09-11,32.060001,32.340000,32.060001,32.259998,30.505386,55900
FMAT,2017-09-12,32.389999,32.580002,32.380001,32.520000,30.751244,70600
FMAT,2017-09-13,32.549999,32.549999,32.340000,32.450001,30.685049,206600
FMAT,2017-09-14,32.470001,32.570000,32.389999,32.500000,30.732330,27500
FMAT,2017-09-15,32.410000,32.490002,32.349998,32.419998,30.773144,75200
FMAT,2017-09-18,32.500000,32.689999,32.500000,32.680000,31.019941,23800
FMAT,2017-09-19,32.740002,32.840000,32.619999,32.790001,31.124350,184700
FMAT,2017-09-20,32.880001,33.000000,32.799999,32.919998,31.247744,52000
FMAT,2017-09-21,32.990002,32.990002,32.880001,32.900002,31.228764,39200
FMAT,2017-09-22,32.840000,32.840000,32.750000,32.820000,31.152828,31500
FMAT,2017-09-25,32.759998,32.840000,32.630001,32.840000,31.171808,23900
FMAT,2017-09-26,32.840000,32.889999,32.720001,32.730000,31.067396,95400
FMAT,2017-09-27,32.770000,32.840000,32.540001,32.799999,31.133842,52800
FMAT,2017-09-28,32.939999,33.000000,32.740002,32.980000,31.304695,31700
FMAT,2017-09-29,33.040001,33.049999,32.860001,33.000000,31.323679,48900
FMAT,2017-10-02,33.040001,33.410000,33.040001,33.410000,31.712852,339100
FMAT,2017-10-03,33.450001,33.590000,33.380001,33.560001,31.855240,187900
FMAT,2017-10-04,33.610001,33.669998,33.549999,33.570000,31.864729,90400
FMAT,2017-10-05,33.700001,33.759998,33.599998,33.750000,32.035583,58500
FMAT,2017-10-06,33.650002,33.700001,33.540001,33.700001,31.988123,36000
FMAT,2017-10-09,33.709999,33.779999,33.570000,33.660000,31.950155,58600
FMAT,2017-10-10,33.700001,33.720001,33.570000,33.630001,31.921680,39500
FMAT,2017-10-11,33.639999,33.660000,33.540001,33.650002,31.940666,82900
FMAT,2017-10-12,33.630001,33.799999,33.630001,33.720001,32.007111,25600
FMAT,2017-10-13,33.970001,34.009998,33.910000,33.919998,32.196949,39400
FMAT,2017-10-16,34.020000,34.080002,33.750000,33.869999,32.149490,165500
FMAT,2017-10-17,33.910000,33.910000,33.730000,33.779999,32.064056,42900
FMAT,2017-10-18,33.849998,33.849998,33.700001,33.759998,32.045078,80900
FMAT,2017-10-19,33.660000,33.849998,33.180000,33.840000,32.121014,32400
FMAT,2017-10-20,34.000000,34.119999,33.990002,34.090000,32.358315,34900
FMAT,2017-10-23,34.299999,34.299999,34.029999,34.060001,32.329838,48900
FMAT,2017-10-24,34.130001,34.349998,34.130001,34.259998,32.519676,43500
FMAT,2017-10-25,34.360001,34.360001,33.919998,34.099998,32.367802,35100
FMAT,2017-10-26,34.340000,34.540001,34.250000,34.459999,32.709522,48900
FMAT,2017-10-27,34.450001,34.450001,34.060001,34.310001,32.567142,51400
FMAT,2017-10-30,34.450001,34.450001,34.080002,34.180000,32.443745,56100
FMAT,2017-10-31,34.180000,34.279999,34.139999,34.200001,32.462723,41000
FMAT,2017-11-01,34.439999,34.570000,34.270000,34.419998,32.671543,72000
FMAT,2017-11-02,34.389999,34.470001,34.150002,34.220001,32.481709,41500
FMAT,2017-11-03,34.180000,34.180000,33.980000,34.090000,32.358315,73400
FMAT,2017-11-06,34.389999,34.389999,34.009998,34.040001,32.310860,40800
FMAT,2017-11-07,34.200001,34.200001,33.930000,34.009998,32.282372,51200
FMAT,2017-11-08,34.060001,34.080002,33.910000,34.029999,32.301353,29100
FMAT,2017-11-09,33.860001,33.900002,33.590000,33.680000,31.969137,43900
FMAT,2017-11-10,33.639999,33.759998,33.560001,33.619999,31.912188,153700
FMAT,2017-11-13,33.500000,33.810001,33.250000,33.779999,32.064056,90800
FMAT,2017-11-14,33.610001,33.660000,33.209999,33.459999,31.760315,41500
FMAT,2017-11-15,33.310001,33.320000,32.889999,33.270000,31.579964,321700
FMAT,2017-11-16,33.380001,33.730000,33.380001,33.689999,31.978630,38400
FMAT,2017-11-17,33.660000,33.869999,33.630001,33.810001,32.092537,21700
FMAT,2017-11-20,33.830002,33.919998,33.750000,33.869999,32.149490,39000
FMAT,2017-11-21,34.040001,34.110001,34.000000,34.049999,32.320343,37200
FMAT,2017-11-22,34.189999,34.189999,34.000000,34.020000,32.291870,43800
FMAT,2017-11-24,34.099998,34.180000,34.099998,34.169998,32.434250,9000
FMAT,2017-11-27,34.160000,34.180000,33.919998,33.919998,32.196949,41100
FMAT,2017-11-28,34.020000,34.340000,34.020000,34.290001,32.548153,58600
FMAT,2017-11-29,34.349998,34.419998,34.220001,34.360001,32.614597,43100
FMAT,2017-11-30,34.490002,34.740002,34.400002,34.490002,32.737995,39300
FMAT,2017-12-01,34.500000,34.560001,33.990002,34.250000,32.510189,119400
FMAT,2017-12-04,34.590000,34.830002,34.549999,34.549999,32.794937,41300
FMAT,2017-12-05,34.549999,34.669998,34.360001,34.360001,32.614597,100600
FMAT,2017-12-06,34.299999,34.330002,34.099998,34.099998,32.367802,26600
FMAT,2017-12-07,34.099998,34.380001,34.099998,34.360001,32.614597,29000
FMAT,2017-12-08,34.450001,34.520000,34.320000,34.360001,32.614597,27000
FMAT,2017-12-11,34.450001,34.560001,34.369999,34.400002,32.652561,35800
FMAT,2017-12-12,34.430000,34.509998,34.369999,34.400002,32.652561,36600
FMAT,2017-12-13,34.439999,34.549999,34.419998,34.500000,32.747486,126500
FMAT,2017-12-14,34.599998,34.610001,34.029999,34.080002,32.348824,244600
FMAT,2017-12-15,34.200001,34.240002,34.049999,34.130001,32.533752,27200
FMAT,2017-12-18,34.400002,34.720001,34.290001,34.700001,33.077091,85100
FMAT,2017-12-19,34.730000,34.820000,34.619999,34.669998,33.048489,54500
FMAT,2017-12-20,34.889999,34.889999,34.750000,34.750000,33.124748,48700
FMAT,2017-12-21,34.869999,34.900002,34.730000,34.830002,33.201012,46400
FMAT,2017-12-22,34.860001,34.959999,34.799999,34.950001,33.315395,34900
FMAT,2017-12-26,35.000000,35.009998,34.880001,34.889999,33.258205,95200
FMAT,2017-12-27,35.000000,35.040001,34.959999,34.970001,33.334465,45300
FMAT,2017-12-28,35.000000,35.119999,34.950001,35.099998,33.458374,29000
FMAT,2017-12-29,35.200001,35.270000,35.029999,35.029999,33.391655,53600
FMAT,2018-01-02,35.549999,35.650002,35.189999,35.650002,33.982655,396700
FMAT,2018-01-03,36.000000,36.000000,35.630001,35.869999,34.192371,354900
FMAT,2018-01-04,36.009998,36.160000,36.000000,36.110001,34.421143,326700
FMAT,2018-01-05,36.360001,36.400002,36.150002,36.400002,34.697586,223300
FMAT,2018-01-08,36.599998,36.599998,36.279999,36.450001,34.745243,113500
FMAT,2018-01-09,36.540001,36.560001,36.310001,36.340000,34.640388,96000
FMAT,2018-01-10,36.270000,36.270000,35.790001,36.160000,34.468807,72500
FMAT,2018-01-11,36.340000,36.740002,36.320000,36.740002,35.021675,111800
FMAT,2018-01-12,36.849998,36.849998,36.660000,36.730000,35.012150,102200
FMAT,2018-01-16,36.939999,36.970001,36.070000,36.290001,34.592728,323800
FMAT,2018-01-17,36.459999,36.599998,36.330002,36.470001,34.764309,74100
FMAT,2018-01-18,36.380001,36.500000,36.330002,36.400002,34.697586,61400
FMAT,2018-01-19,36.470001,36.680000,36.430000,36.639999,34.926350,44200
FMAT,2018-01-22,36.660000,36.660000,36.410000,36.560001,34.850098,67700
FMAT,2018-01-23,36.470001,36.630001,36.279999,36.610001,34.897762,205200
FMAT,2018-01-24,36.790001,36.919998,36.599998,36.750000,35.031208,145700
FMAT,2018-01-25,36.970001,37.080002,36.799999,36.970001,35.240925,214300
FMAT,2018-01-26,36.990002,37.070000,36.750000,37.070000,35.336246,219200
FMAT,2018-01-29,37.110001,37.110001,36.700001,36.750000,35.031208,302000
FMAT,2018-01-30,36.599998,36.689999,36.299999,36.410000,34.707119,116500
FMAT,2018-01-31,36.599998,36.599998,36.119999,36.330002,34.630856,79100
FMAT,2018-02-01,36.090000,36.209999,35.610001,35.860001,34.182831,195700
FMAT,2018-02-02,35.660000,35.740002,34.910000,35.009998,33.372589,346500
FMAT,2018-02-05,34.720001,35.160000,33.639999,33.840000,32.257313,275100
FMAT,2018-02-06,33.009998,34.669998,32.869999,34.580002,32.962704,221300
FMAT,2018-02-07,34.509998,34.860001,34.419998,34.419998,32.810177,102500
FMAT,2018-02-08,34.389999,34.439999,33.080002,33.080002,31.532860,81100
FMAT,2018-02-09,33.459999,33.810001,32.619999,33.709999,32.133392,424300
FMAT,2018-02-12,33.840000,34.470001,33.790001,34.250000,32.648136,154500
FMAT,2018-02-13,34.209999,34.400002,34.130001,34.299999,32.695797,58600
FMAT,2018-02-14,34.049999,34.869999,34.049999,34.790001,33.162880,73000
FMAT,2018-02-15,35.040001,35.080002,34.630001,35.060001,33.420250,108800
FMAT,2018-02-16,34.970001,35.330002,34.830002,35.080002,33.439316,143100
FMAT,2018-02-20,34.919998,35.119999,34.779999,34.860001,33.229614,255100
FMAT,2018-02-21,34.860001,35.349998,34.720001,34.720001,33.096157,62300
FMAT,2018-02-22,34.799999,35.230000,34.799999,34.919998,33.286793,75000
FMAT,2018-02-23,35.099998,35.369999,34.939999,35.369999,33.715752,58500
FMAT,2018-02-26,35.509998,35.529999,35.180000,35.509998,33.849205,109500
FMAT,2018-02-27,35.480000,35.490002,35.029999,35.029999,33.391655,41700
FMAT,2018-02-28,35.139999,35.139999,34.400002,34.400002,32.791119,45900
FMAT,2018-03-01,34.450001,34.540001,33.919998,34.160000,32.562344,110300
FMAT,2018-03-02,34.040001,34.270000,33.810001,34.230000,32.629074,50700
FMAT,2018-03-05,34.020000,34.650002,34.009998,34.560001,32.943638,151100
FMAT,2018-03-06,34.669998,35.169998,34.549999,34.939999,33.305859,41400
FMAT,2018-03-07,34.650002,35.020000,34.599998,34.900002,33.267742,41400
FMAT,2018-03-08,34.980000,34.980000,34.630001,34.820000,33.191475,33900
FMAT,2018-03-09,35.040001,35.470001,34.990002,35.470001,33.811077,76200
FMAT,2018-03-12,35.520000,35.650002,35.380001,35.450001,33.792011,94900
FMAT,2018-03-13,35.590000,35.720001,35.250000,35.250000,33.601372,23900
FMAT,2018-03-14,35.410000,35.410000,34.740002,34.770000,33.143822,27700
FMAT,2018-03-15,34.860001,34.860001,34.400002,34.419998,32.810177,32500
FMAT,2018-03-16,34.240002,34.459999,34.180000,34.340000,32.871449,26400
FMAT,2018-03-19,34.200001,34.200001,33.630001,33.830002,32.383263,394800
FMAT,2018-03-20,33.869999,34.060001,33.689999,33.709999,32.268391,96500
FMAT,2018-03-21,33.779999,34.360001,33.639999,34.080002,32.622566,53100
FMAT,2018-03-22,33.820000,33.860001,33.009998,33.020000,31.607899,46500
FMAT,2018-03-23,33.080002,33.230000,32.400002,32.450001,31.062273,62700
FMAT,2018-03-26,32.900002,33.099998,32.540001,33.040001,31.627045,140600
FMAT,2018-03-27,33.169998,33.299999,32.619999,32.680000,31.282440,50800
FMAT,2018-03-28,32.740002,32.889999,32.250000,32.340000,30.956978,76700
FMAT,2018-03-29,32.450001,33.099998,32.360001,32.959999,31.550467,44100
FMAT,2018-04-02,32.860001,32.980000,31.950001,32.240002,30.861254,954300
FMAT,2018-04-03,32.270000,32.799999,32.169998,32.660000,31.263292,125100
FMAT,2018-04-04,31.910000,32.950001,31.850000,32.889999,31.483456,140000
FMAT,2018-04-05,33.099998,33.639999,33.099998,33.509998,32.076942,98400
FMAT,2018-04-06,33.349998,33.360001,32.570000,32.750000,31.349440,72100
FMAT,2018-04-09,32.930000,33.240002,32.770000,32.910000,31.502600,231800
FMAT,2018-04-10,33.369999,33.830002,33.310001,33.630001,32.191814,192300
FMAT,2018-04-11,33.410000,33.540001,33.299999,33.430000,32.000366,132100
FMAT,2018-04-12,33.549999,33.900002,33.470001,33.740002,32.297108,44200
FMAT,2018-04-13,33.919998,34.000000,33.639999,33.740002,32.297108,135400
FMAT,2018-04-16,33.959999,34.220001,33.830002,34.180000,32.718292,35400
FMAT,2018-04-17,34.459999,34.689999,34.330002,34.610001,33.129898,282500
FMAT,2018-04-18,34.740002,35.020000,34.740002,34.860001,33.369213,94100
FMAT,2018-04-19,34.939999,34.939999,34.410000,34.540001,33.062897,59000
FMAT,2018-04-20,34.660000,34.660000,34.220001,34.349998,32.881020,30400
FMAT,2018-04-23,34.259998,34.340000,34.080002,34.169998,32.708717,25800
FMAT,2018-04-24,34.310001,34.310001,33.020000,33.360001,31.933357,61500
FMAT,2018-04-25,33.389999,33.650002,33.209999,33.540001,32.105659,69100
FMAT,2018-04-26,33.709999,33.860001,33.529999,33.740002,32.297108,24500
FMAT,2018-04-27,33.799999,33.799999,33.400002,33.560001,32.124809,53700
FMAT,2018-04-30,33.639999,33.660000,33.139999,33.150002,31.732338,48400
FMAT,2018-05-01,33.029999,33.070000,32.590000,33.070000,31.655760,111800
FMAT,2018-05-02,33.090000,33.279999,33.000000,33.040001,31.627045,244100
FMAT,2018-05-03,32.990002,33.209999,32.689999,33.099998,31.684475,75200
FMAT,2018-05-04,32.959999,33.740002,32.919998,33.580002,32.143951,55500
FMAT,2018-05-07,33.660000,33.770000,33.509998,33.619999,32.182232,23200
FMAT,2018-05-08,33.529999,33.689999,33.320000,33.560001,32.124809,72200
FMAT,2018-05-09,33.660000,33.980000,33.660000,33.930000,32.478981,57600
FMAT,2018-05-10,34.020000,34.369999,34.020000,34.189999,32.727859,71800
FMAT,2018-05-11,34.209999,34.459999,34.160000,34.200001,32.737434,84200
FMAT,2018-05-14,34.279999,34.400002,34.139999,34.250000,32.785297,58300
FMAT,2018-05-15,34.070000,34.230000,33.930000,34.169998,32.708717,48300
FMAT,2018-05-16,34.180000,34.669998,34.180000,34.599998,33.120331,145000
FMAT,2018-05-17,34.599998,34.840000,34.590000,34.740002,33.254341,25600
FMAT,2018-05-18,34.700001,34.889999,34.680000,34.790001,33.302204,37600
FMAT,2018-05-21,34.910000,35.000000,34.799999,34.930000,33.436218,42600
FMAT,2018-05-22,35.000000,35.060001,34.639999,34.680000,33.196903,38500
FMAT,2018-05-23,34.509998,34.599998,34.310001,34.599998,33.120331,34600
FMAT,2018-05-24,34.480000,34.619999,34.310001,34.480000,33.005463,20800
FMAT,2018-05-25,34.389999,34.389999,34.220001,34.340000,32.871449,18600
FMAT,2018-05-29,34.099998,34.250000,33.759998,33.849998,32.402401,41400
FMAT,2018-05-30,34.029999,34.340000,34.029999,34.240002,32.775730,23100
FMAT,2018-05-31,34.259998,34.259998,33.910000,33.939999,32.488552,31400
FMAT,2018-06-01,34.160000,34.490002,34.160000,34.360001,32.890594,31800
FMAT,2018-06-04,34.470001,34.639999,34.470001,34.529999,33.053318,62900
FMAT,2018-06-05,34.549999,34.860001,34.549999,34.790001,33.302204,41900
FMAT,2018-06-06,34.820000,35.320000,34.740002,35.320000,33.809532,46600
FMAT,2018-06-07,35.340000,35.389999,35.040001,35.139999,33.637230,41100
FMAT,2018-06-08,35.119999,35.310001,34.950001,35.250000,33.742531,37200
FMAT,2018-06-11,35.290001,35.380001,35.220001,35.330002,33.819111,23600
FMAT,2018-06-12,35.360001,35.430000,35.209999,35.340000,33.828682,36000
FMAT,2018-06-13,35.389999,35.389999,34.939999,34.980000,33.484077,73700
FMAT,2018-06-14,35.119999,35.180000,34.840000,35.009998,33.512791,52100
FMAT,2018-06-15,34.680000,34.680000,34.360001,34.610001,33.281052,32900
FMAT,2018-06-18,34.380001,34.580002,34.360001,34.540001,33.213734,28800
FMAT,2018-06-19,34.189999,34.189999,33.639999,33.950001,32.646397,81600
FMAT,2018-06-20,34.080002,34.080002,33.740002,33.900002,32.598312,43000
FMAT,2018-06-21,33.810001,33.820000,33.490002,33.529999,32.242519,47000
FMAT,2018-06-22,33.730000,34.049999,33.730000,33.950001,32.646397,45300
FMAT,2018-06-25,33.779999,33.810001,33.160000,33.419998,32.136745,1384700
FMAT,2018-06-26,33.520000,33.650002,33.410000,33.590000,32.300217,58200
FMAT,2018-06-27,33.680000,34.060001,33.400002,33.400002,32.117508,67600
FMAT,2018-06-28,33.419998,33.560001,33.220001,33.560001,32.271370,44200
FMAT,2018-06-29,33.619999,34.020000,33.619999,33.700001,32.405991,31000
FMAT,2018-07-02,33.439999,33.560001,33.290001,33.540001,32.252132,27300
FMAT,2018-07-03,33.709999,33.919998,33.439999,33.459999,32.175205,38300
FMAT,2018-07-05,33.660000,33.799999,33.500000,33.790001,32.492535,108400
FMAT,2018-07-06,33.720001,34.049999,33.650002,33.980000,32.675240,28300
FMAT,2018-07-09,34.099998,34.310001,34.090000,34.299999,32.982948,27300
FMAT,2018-07-10,34.340000,34.590000,34.340000,34.560001,33.232975,54000
FMAT,2018-07-11,34.220001,34.240002,33.900002,34.009998,32.704090,41500
FMAT,2018-07-12,34.180000,34.180000,33.970001,34.070000,32.761787,44900
FMAT,2018-07-13,34.119999,34.189999,34.009998,34.049999,32.742546,27200
FMAT,2018-07-16,34.049999,34.090000,33.689999,33.750000,32.454075,24000
FMAT,2018-07-17,33.730000,34.250000,33.730000,34.189999,32.877171,18000
FMAT,2018-07-18,34.150002,34.360001,34.150002,34.279999,32.963718,27400
FMAT,2018-07-19,34.189999,34.189999,33.880001,34.090000,32.781021,26500
FMAT,2018-07-20,33.970001,34.070000,33.900002,33.950001,32.646397,31300
FMAT,2018-07-23,33.889999,33.930000,33.779999,33.799999,32.502151,22000
FMAT,2018-07-24,34.029999,34.349998,34.029999,34.189999,32.877171,33500
FMAT,2018-07-25,34.200001,34.400002,33.959999,34.360001,33.040653,43100
FMAT,2018-07-26,34.389999,34.669998,34.230000,34.630001,33.300278,25500
FMAT,2018-07-27,34.720001,34.720001,34.410000,34.480000,33.156036,34600
FMAT,2018-07-30,34.480000,34.700001,34.349998,34.369999,33.050259,24200
FMAT,2018-07-31,34.439999,34.770000,34.439999,34.700001,33.367592,844500
FMAT,2018-08-01,34.639999,34.660000,34.340000,34.340000,33.021416,32200
FMAT,2018-08-02,34.049999,34.119999,33.779999,34.060001,32.752171,42100
FMAT,2018-08-03,34.049999,34.410000,34.049999,34.369999,33.050259,33800
FMAT,2018-08-06,34.230000,34.500000,34.080002,34.410000,33.088730,107100
FMAT,2018-08-07,34.230000,34.700001,34.230000,34.480000,33.156036,31800
FMAT,2018-08-08,34.500000,34.500000,34.330002,34.380001,33.059887,39500
FMAT,2018-08-09,34.459999,34.660000,34.459999,34.480000,33.156036,23700
FMAT,2018-08-10,34.330002,34.330002,34.000000,34.040001,32.732937,86800
FMAT,2018-08-13,34.070000,34.099998,33.529999,33.660000,32.367527,96500
FMAT,2018-08-14,33.759998,34.049999,33.759998,33.889999,32.588692,160300
FMAT,2018-08-15,33.580002,33.610001,33.000000,33.320000,32.040585,209800
FMAT,2018-08-16,33.580002,33.759998,33.560001,33.570000,32.280987,35200
FMAT,2018-08-17,33.549999,33.849998,33.500000,33.810001,32.511765,26300
FMAT,2018-08-20,33.849998,34.099998,33.849998,34.029999,32.723316,25600
FMAT,2018-08-21,34.099998,34.400002,34.099998,34.250000,32.934872,74300
FMAT,2018-08-22,34.220001,34.259998,34.049999,34.110001,32.800247,25900
FMAT,2018-08-23,34.060001,34.060001,33.779999,33.840000,32.540615,28800
FMAT,2018-08-24,34.000000,34.299999,34.000000,34.240002,32.925259,26500
FMAT,2018-08-27,34.349998,34.820000,34.349998,34.720001,33.386822,29700
FMAT,2018-08-28,34.810001,34.950001,34.570000,34.590000,33.261818,20500
FMAT,2018-08-29,34.590000,34.889999,34.459999,34.820000,33.482983,39700
FMAT,2018-08-30,34.639999,34.700001,34.360001,34.450001,33.127190,65400
FMAT,2018-08-31,34.369999,34.549999,34.299999,34.369999,33.050259,32700
FMAT,2018-09-04,34.299999,34.360001,33.939999,34.110001,32.800247,26500
FMAT,2018-09-05,34.080002,34.369999,34.020000,34.330002,33.011803,22300
FMAT,2018-09-06,34.349998,34.580002,34.150002,34.330002,33.011803,30500
FMAT,2018-09-07,34.240002,34.259998,33.959999,34.150002,32.838715,19200
FMAT,2018-09-10,34.279999,34.330002,34.150002,34.160000,32.848328,31500
FMAT,2018-09-11,34.040001,34.220001,33.910000,34.169998,32.857944,23200
FMAT,2018-09-12,34.090000,34.330002,34.060001,34.209999,32.896408,101900
FMAT,2018-09-13,34.349998,34.590000,34.310001,34.320000,33.002182,61800
FMAT,2018-09-14,34.389999,34.500000,34.279999,34.369999,33.050259,29600
FMAT,2018-09-17,34.419998,34.639999,34.419998,34.480000,33.156036,15400
FMAT,2018-09-18,34.570000,34.639999,34.410000,34.540001,33.213734,18400
FMAT,2018-09-19,34.599998,34.990002,34.599998,34.849998,33.511833,27500
FMAT,2018-09-20,35.040001,35.259998,35.000000,35.160000,33.809933,53000
FMAT,2018-09-21,35.200001,35.200001,34.889999,34.930000,33.730747,36000
FMAT,2018-09-24,34.849998,34.860001,34.459999,34.500000,33.315510,36300
FMAT,2018-09-25,34.599998,34.599998,34.330002,34.360001,33.180321,30200
FMAT,2018-09-26,34.259998,34.340000,33.980000,34.029999,32.861641,28800
FMAT,2018-09-27,34.000000,34.000000,33.740002,33.750000,32.591263,30000
FMAT,2018-09-28,33.680000,33.730000,33.540001,33.580002,32.427101,118900
FMAT,2018-10-01,33.759998,33.950001,33.759998,33.820000,32.658859,39300
FMAT,2018-10-02,33.830002,33.980000,33.830002,33.910000,32.745770,23800
FMAT,2018-10-03,34.049999,34.049999,33.709999,33.740002,32.581600,195400
FMAT,2018-10-04,33.680000,33.709999,33.330002,33.540001,32.388466,41200
FMAT,2018-10-05,33.509998,33.599998,33.110001,33.250000,32.108421,77100
FMAT,2018-10-08,33.139999,33.290001,33.029999,33.230000,32.089111,60000
FMAT,2018-10-09,32.950001,32.950001,32.130001,32.150002,31.046194,1004700
FMAT,2018-10-10,32.110001,32.110001,31.309999,31.309999,30.235031,130700
FMAT,2018-10-11,31.219999,31.530001,30.830000,30.879999,29.819794,238100
FMAT,2018-10-12,31.280001,31.450001,30.780001,31.020000,29.954992,50900
FMAT,2018-10-15,30.980000,31.139999,30.879999,30.879999,29.819794,123800
FMAT,2018-10-16,31.030001,31.459999,30.969999,31.459999,30.379883,21500
FMAT,2018-10-17,31.389999,31.389999,31.059999,31.209999,30.138466,30500
FMAT,2018-10-18,31.080000,31.360001,30.709999,30.820000,29.761856,91000
FMAT,2018-10-19,30.809999,30.940001,30.549999,30.600000,29.549408,35900
FMAT,2018-10-22,30.740000,30.790001,30.299999,30.400000,29.356274,35800
FMAT,2018-10-23,29.920000,30.170000,29.420000,29.990000,28.960354,142600
FMAT,2018-10-24,29.940001,30.070000,28.930000,28.950001,27.956059,82400
FMAT,2018-10-25,29.170000,29.580000,29.129999,29.379999,28.371292,86700
FMAT,2018-10-26,29.020000,29.469999,28.719999,29.139999,28.139534,54500
FMAT,2018-10-29,29.500000,29.730000,28.760000,29.040001,28.042967,52300
FMAT,2018-10-30,28.980000,29.629999,28.980000,29.629999,28.612709,37100
FMAT,2018-10-31,29.910000,30.170000,29.870001,29.969999,28.941038,171100
FMAT,2018-11-01,30.480000,30.940001,30.340000,30.879999,29.819794,62800
FMAT,2018-11-02,31.030001,31.219999,30.570000,30.910000,29.848764,44100
FMAT,2018-11-05,30.860001,31.030001,30.799999,30.980000,29.916359,43300
FMAT,2018-11-06,30.990000,31.370001,30.990000,31.290001,30.215719,26500
FMAT,2018-11-07,31.610001,31.969999,31.459999,31.969999,30.872374,101600
FMAT,2018-11-08,31.770000,31.920000,31.639999,31.740000,30.650269,29100
FMAT,2018-11-09,31.590000,31.590000,31.040001,31.240000,30.167435,29800
FMAT,2018-11-12,31.209999,31.209999,30.760000,30.809999,29.752197,36400
FMAT,2018-11-13,30.870001,31.180000,30.730000,30.770000,29.713573,34300
FMAT,2018-11-14,31.030001,31.170000,30.540001,30.690001,29.636320,79600
FMAT,2018-11-15,30.610001,31.299999,30.500000,31.139999,30.070869,43200
FMAT,2018-11-16,31.040001,31.500000,30.990000,31.389999,30.312286,41200
FMAT,2018-11-19,31.320000,31.400000,30.870001,30.950001,29.887394,27700
FMAT,2018-11-20,30.549999,30.650000,30.230000,30.330000,29.288679,52500
FMAT,2018-11-21,30.530001,30.900000,30.490000,30.629999,29.578377,30500
FMAT,2018-11-23,30.330000,30.480000,30.219999,30.350000,29.307989,11000
FMAT,2018-11-26,30.570000,30.780001,30.459999,30.610001,29.559063,39700
FMAT,2018-11-27,30.410000,30.410000,29.980000,30.200001,29.163141,72700
FMAT,2018-11-28,30.260000,30.700001,29.870001,30.700001,29.645975,70700
FMAT,2018-11-29,30.610001,31.040001,30.590000,30.850000,29.790827,39900
FMAT,2018-11-30,30.740000,31.010000,30.740000,30.959999,29.897047,29200
FMAT,2018-12-03,31.620001,31.809999,31.139999,31.459999,30.379883,41200
FMAT,2018-12-04,31.379999,31.379999,30.420000,30.420000,29.375589,114000
FMAT,2018-12-06,29.910000,30.000000,29.280001,30.000000,28.970007,89600
FMAT,2018-12-07,30.030001,30.459999,29.190001,29.309999,28.303698,77700
FMAT,2018-12-10,29.340000,29.370001,28.809999,29.299999,28.294041,66200
FMAT,2018-12-11,29.650000,29.930000,29.040001,29.150000,28.149191,29200
FMAT,2018-12-12,29.559999,29.750000,29.430000,29.430000,28.419579,51400
FMAT,2018-12-13,29.510000,29.559999,29.010000,29.080000,28.081594,66200
FMAT,2018-12-14,28.809999,29.129999,28.750000,28.860001,27.869148,26200
FMAT,2018-12-17,28.840000,29.100000,28.170000,28.330000,27.357346,51900
FMAT,2018-12-18,28.549999,28.830000,28.440001,28.559999,27.579447,51400
FMAT,2018-12-19,28.549999,29.120001,27.990000,28.120001,27.154554,101300
FMAT,2018-12-20,28.020000,28.309999,27.480000,27.700001,26.748974,103800
FMAT,2018-12-21,27.660000,28.090000,27.280001,27.330000,26.552721,107600
FMAT,2018-12-24,27.129999,27.250000,26.670000,26.670000,25.911491,60600
FMAT,2018-12-26,26.790001,27.820000,26.490000,27.820000,27.028784,101400
FMAT,2018-12-27,27.340000,28.280001,27.330000,28.280001,27.475702,71400
FMAT,2018-12-28,28.440001,28.510000,28.040001,28.139999,27.339682,74000
FMAT,2018-12-31,28.370001,28.389999,28.030001,28.389999,27.582573,79200
FMAT,2019-01-02,27.930000,28.600000,27.930000,28.510000,27.699160,77900
FMAT,2019-01-03,28.360001,28.360001,27.709999,27.790001,26.999640,28100
FMAT,2019-01-04,28.190001,28.980000,28.170000,28.870001,28.048923,95700
FMAT,2019-01-07,28.920000,29.299999,28.799999,29.010000,28.184940,32800
FMAT,2019-01-08,29.219999,29.379999,29.160000,29.320000,28.486122,74300
FMAT,2019-01-09,29.400000,29.530001,29.139999,29.410000,28.573563,26300
FMAT,2019-01-10,29.309999,29.709999,29.309999,29.709999,28.865030,13100
FMAT,2019-01-11,29.559999,29.690001,29.410000,29.620001,28.777592,19800
FMAT,2019-01-14,29.340000,29.530001,29.080000,29.370001,28.534702,22400
FMAT,2019-01-15,29.250000,29.250000,29.049999,29.180000,28.350105,86200
FMAT,2019-01-16,29.170000,29.490000,29.170000,29.389999,28.554132,105200
FMAT,2019-01-17,29.260000,29.930000,29.260000,29.850000,29.001051,142300
FMAT,2019-01-18,30.080000,30.480000,30.000000,30.309999,29.447968,60300
FMAT,2019-01-22,30.200001,30.200001,29.770000,29.870001,29.020481,70400
FMAT,2019-01-23,30.010000,30.020000,29.459999,29.690001,28.845600,32200
FMAT,2019-01-24,29.600000,29.719999,29.510000,29.620001,28.777592,16100
FMAT,2019-01-25,29.930000,30.350000,29.930000,30.200001,29.341095,66600
FMAT,2019-01-28,30.000000,30.150000,29.940001,30.129999,29.273087,32300
FMAT,2019-01-29,30.200001,30.530001,30.200001,30.420000,29.554840,64000
FMAT,2019-01-30,30.570000,31.000000,30.490000,30.799999,29.924030,33200
FMAT,2019-01-31,30.280001,30.570000,29.950001,30.480000,29.613131,61700
FMAT,2019-02-01,30.510000,30.639999,30.379999,30.600000,29.729719,39000
FMAT,2019-02-04,30.549999,30.590000,30.420000,30.580000,29.710289,30000
FMAT,2019-02-05,30.740000,30.840000,30.650000,30.809999,29.933746,44200
FMAT,2019-02-06,30.809999,30.809999,30.629999,30.639999,29.768579,40500
FMAT,2019-02-07,30.459999,30.459999,29.980000,30.180000,29.321665,31200
FMAT,2019-02-08,30.020000,30.120001,29.830000,30.120001,29.263371,15000
FMAT,2019-02-11,30.170000,30.260000,30.129999,30.260000,29.399389,23200
FMAT,2019-02-12,30.510000,30.940001,30.490000,30.910000,30.030903,24000
FMAT,2019-02-13,31.070000,31.150000,30.959999,30.980000,30.098909,34500
FMAT,2019-02-14,30.850000,31.040001,30.850000,30.850000,29.972610,19800
FMAT,2019-02-15,31.150000,31.240000,31.030001,31.240000,30.351517,19100
FMAT,2019-02-19,31.160000,31.549999,31.100000,31.459999,30.565262,24400
FMAT,2019-02-20,31.500000,32.119999,31.500000,31.969999,31.060757,63600
FMAT,2019-02-21,32.040001,32.060001,31.750000,31.879999,30.973314,77100
FMAT,2019-02-22,32.020000,32.090000,31.910000,32.000000,31.089903,23600
FMAT,2019-02-25,32.119999,32.259998,32.099998,32.160000,31.245352,73600
FMAT,2019-02-26,32.110001,32.180000,31.990000,31.990000,31.080187,33900
FMAT,2019-02-27,31.900000,32.020000,31.790001,31.950001,31.041325,23400
FMAT,2019-02-28,31.900000,31.900000,31.520000,31.600000,30.701279,25900
FMAT,2019-03-01,31.809999,31.920000,31.480000,31.590000,30.691565,22700
FMAT,2019-03-04,31.639999,31.730000,31.309999,31.700001,30.798435,464600
FMAT,2019-03-05,31.690001,31.690001,31.520000,31.540001,30.642986,51200
FMAT,2019-03-06,31.620001,31.700001,31.459999,31.480000,30.584692,36100
FMAT,2019-03-07,31.400000,31.400000,30.959999,31.170000,30.283510,37500
FMAT,2019-03-08,30.990000,31.200001,30.900000,31.190001,30.302940,26500
FMAT,2019-03-11,31.280001,31.639999,31.280001,31.629999,30.730425,42600
FMAT,2019-03-12,31.700001,31.879999,31.700001,31.750000,30.847012,953800
FMAT,2019-03-13,31.870001,32.029999,31.840000,31.840000,30.934452,53100
FMAT,2019-03-14,31.760000,31.870001,31.510000,31.549999,30.652699,17600
FMAT,2019-03-15,31.660000,31.660000,31.389999,31.440001,30.670259,14500
FMAT,2019-03-18,31.510000,31.650000,31.389999,31.610001,30.836100,30600
FMAT,2019-03-19,31.700001,31.940001,31.420000,31.530001,30.758057,103900
FMAT,2019-03-20,31.559999,31.639999,31.190001,31.510000,30.738546,23400
FMAT,2019-03-21,31.370001,31.969999,31.200001,31.860001,31.079977,19100
FMAT,2019-03-22,31.580000,31.600000,30.850000,30.879999,30.123970,39800
FMAT,2019-03-25,30.830000,30.969999,30.750000,30.809999,30.055683,29500
FMAT,2019-03-26,31.020000,31.090000,30.799999,30.980000,30.221519,42900
FMAT,2019-03-27,30.959999,31.040001,30.750000,30.959999,30.202011,36100
FMAT,2019-03-28,31.049999,31.290001,31.049999,31.290001,30.523933,68800
FMAT,2019-03-29,31.360001,31.500000,31.299999,31.500000,30.728790,14900
FMAT,2019-04-01,31.770000,32.020000,31.770000,31.990000,31.206795,30900
FMAT,2019-04-02,32.000000,32.150002,31.920000,32.020000,31.236061,148300
FMAT,2019-04-03,32.279999,32.580002,32.250000,32.419998,31.626266,36800
FMAT,2019-04-04,32.439999,32.750000,32.439999,32.730000,31.928677,21200
FMAT,2019-04-05,32.790001,32.889999,32.689999,32.799999,31.996965,38500
FMAT,2019-04-08,32.770000,32.830002,32.650002,32.799999,31.996965,148800
FMAT,2019-04-09,32.680000,32.680000,32.459999,32.520000,31.723820,87600
FMAT,2019-04-10,32.529999,32.580002,32.439999,32.540001,31.743330,26400
FMAT,2019-04-11,32.549999,32.650002,32.439999,32.540001,31.743330,28700
FMAT,2019-04-12,32.750000,32.900002,32.660000,32.889999,32.084759,28700
FMAT,2019-04-15,32.900002,32.910000,32.740002,32.790001,31.987211,80700
FMAT,2019-04-16,32.790001,32.930000,32.650002,32.930000,32.123783,49300
FMAT,2019-04-17,33.000000,33.119999,32.730000,32.730000,31.928677,35400
FMAT,2019-04-18,32.779999,32.840000,32.599998,32.759998,31.957937,57100
FMAT,2019-04-22,32.619999,32.689999,32.470001,32.520000,31.723820,71800
FMAT,2019-04-23,32.459999,32.810001,32.430000,32.680000,31.879904,42300
FMAT,2019-04-24,32.680000,32.680000,32.500000,32.520000,31.723820,35200
FMAT,2019-04-25,32.419998,32.419998,31.969999,32.090000,31.304346,34000
FMAT,2019-04-26,32.080002,32.470001,32.040001,32.369999,31.577490,21000
FMAT,2019-04-29,32.369999,32.400002,32.250000,32.360001,31.567734,149800
FMAT,2019-04-30,32.369999,32.549999,32.279999,32.509998,31.714060,21800
FMAT,2019-05-01,32.500000,32.540001,31.920000,31.920000,31.138510,31200
FMAT,2019-05-02,31.830000,31.860001,31.559999,31.730000,30.953159,37100
FMAT,2019-05-03,31.889999,32.200001,31.850000,32.189999,31.401897,38700
FMAT,2019-05-06,31.590000,31.889999,31.590000,31.790001,31.011692,37000
FMAT,2019-05-07,31.459999,31.559999,31.080000,31.180000,30.416624,365600
FMAT,2019-05-08,31.150000,31.270000,31.059999,31.139999,30.377605,15900
FMAT,2019-05-09,30.809999,30.969999,30.570000,30.900000,30.143480,24000
FMAT,2019-05-10,30.790001,31.330000,30.709999,31.190001,30.426382,14800
FMAT,2019-05-13,30.590000,30.639999,30.230000,30.440001,29.694742,111000
FMAT,2019-05-14,30.530001,30.879999,30.530001,30.730000,29.977644,21800
FMAT,2019-05-15,30.490000,30.780001,30.400000,30.660000,29.909355,29100
FMAT,2019-05-16,30.799999,31.100000,30.799999,30.990000,30.231277,38900
FMAT,2019-05-17,30.799999,30.990000,30.690001,30.760000,30.006908,27400
FMAT,2019-05-20,30.510000,30.580000,30.280001,30.299999,29.558170,19000
FMAT,2019-05-21,30.500000,30.820000,30.500000,30.780001,30.026421,13900
FMAT,2019-05-22,30.670000,30.799999,30.520000,30.520000,29.772783,25700
FMAT,2019-05-23,30.270000,30.299999,29.900000,30.049999,29.314291,30400
FMAT,2019-05-24,30.280001,30.280001,30.040001,30.170000,29.431353,53300
FMAT,2019-05-28,30.160000,30.250000,29.889999,29.889999,29.158207,1344700
FMAT,2019-05-29,29.680000,29.879999,29.580000,29.850000,29.119188,62200
FMAT,2019-05-30,29.860001,29.990000,29.750000,29.820000,29.089922,15900
FMAT,2019-05-31,29.500000,29.600000,29.389999,29.480000,28.758247,51600
FMAT,2019-06-03,29.559999,30.330000,29.559999,30.309999,29.567926,45400
FMAT,2019-06-04,30.639999,31.280001,30.549999,31.280001,30.514179,24500
FMAT,2019-06-05,31.420000,31.440001,31.059999,31.440001,30.670259,15800
FMAT,2019-06-06,31.549999,31.809999,31.410000,31.760000,30.982426,12800
FMAT,2019-06-07,31.910000,32.099998,31.840000,31.980000,31.197041,25200
FMAT,2019-06-10,32.139999,32.220001,32.040001,32.060001,31.275082,20300
FMAT,2019-06-11,32.299999,32.369999,32.040001,32.099998,31.314100,650400
FMAT,2019-06-12,32.099998,32.209999,32.060001,32.180000,31.392143,95500
FMAT,2019-06-13,32.290001,32.389999,32.290001,32.360001,31.567734,15300
FMAT,2019-06-14,32.340000,32.340000,32.150002,32.230000,31.440916,16500
FMAT,2019-06-17,32.209999,32.209999,31.940001,31.940001,31.158020,63800
FMAT,2019-06-18,32.209999,32.480000,32.209999,32.250000,31.460426,13700
FMAT,2019-06-19,32.299999,32.310001,32.040001,32.189999,31.401897,20700
FMAT,2019-06-20,32.560001,32.639999,32.330002,32.509998,31.714060,22800
FMAT,2019-06-21,32.270000,32.340000,32.200001,32.250000,31.646353,26000
FMAT,2019-06-24,32.270000,32.360001,32.259998,32.299999,31.695419,23300
FMAT,2019-06-25,32.349998,32.439999,32.240002,32.320000,31.715044,28700
FMAT,2019-06-26,32.340000,32.410000,32.270000,32.290001,31.685608,13200
FMAT,2019-06-27,32.340000,32.500000,32.340000,32.490002,31.881863,13900
FMAT,2019-06-28,32.529999,32.799999,32.520000,32.799999,32.186062,33800
FMAT,2019-07-01,33.070000,33.099998,32.779999,33.029999,32.411751,81000
FMAT,2019-07-02,33.000000,33.000000,32.779999,32.939999,32.323441,208200
FMAT,2019-07-03,32.950001,33.099998,32.900002,33.099998,32.480442,30500
FMAT,2019-07-05,32.849998,33.009998,32.650002,32.959999,32.343063,25700
FMAT,2019-07-08,32.900002,32.919998,32.529999,32.599998,31.989803,17800
FMAT,2019-07-09,32.459999,32.459999,32.220001,32.299999,31.695419,28300
FMAT,2019-07-10,32.450001,32.500000,32.169998,32.220001,31.616917,19700
FMAT,2019-07-11,32.200001,32.279999,32.040001,32.279999,31.675793,31300
FMAT,2019-07-12,32.349998,32.639999,32.349998,32.639999,32.029053,19600
FMAT,2019-07-15,32.639999,32.660000,32.520000,32.650002,32.038872,20800
FMAT,2019-07-16,32.660000,33.029999,32.660000,32.779999,32.166435,21600
FMAT,2019-07-17,32.820000,32.820000,32.520000,32.529999,31.921114,19100
FMAT,2019-07-18,32.450001,32.650002,32.410000,32.610001,31.999615,18800
FMAT,2019-07-19,32.639999,32.860001,32.639999,32.689999,32.078117,18000
FMAT,2019-07-22,32.750000,32.759998,32.570000,32.610001,31.999615,29300
FMAT,2019-07-23,32.770000,33.250000,32.770000,33.250000,32.627636,81700
FMAT,2019-07-24,33.119999,33.349998,33.119999,33.349998,32.725765,12800
FMAT,2019-07-25,33.220001,33.240002,32.810001,33.060001,32.441196,32300
FMAT,2019-07-26,33.009998,33.130001,32.919998,33.130001,32.509880,26000
FMAT,2019-07-29,33.040001,33.040001,32.900002,32.980000,32.362690,35600
FMAT,2019-07-30,32.750000,33.180000,32.439999,33.180000,32.558949,23200
FMAT,2019-07-31,33.070000,33.160000,32.400002,32.660000,32.048683,25300
FMAT,2019-08-01,32.590000,32.980000,32.169998,32.340000,31.734671,29300
FMAT,2019-08-02,32.150002,32.150002,31.730000,31.900000,31.302906,32500
FMAT,2019-08-05,31.559999,31.610001,31.139999,31.250000,30.665071,51900
FMAT,2019-08-06,31.340000,31.360001,30.969999,31.320000,30.733761,26900
FMAT,2019-08-07,31.030001,31.700001,31.030001,31.700001,31.106651,26000
FMAT,2019-08-08,31.840000,32.299999,31.840000,32.290001,31.685608,72700
FMAT,2019-08-09,32.130001,32.130001,31.830000,31.980000,31.381409,14700
FMAT,2019-08-12,31.860001,31.860001,31.410000,31.450001,30.861330,24800
FMAT,2019-08-13,31.430000,32.160000,31.430000,31.790001,31.194965,20200
FMAT,2019-08-14,31.320000,31.360001,30.770000,30.799999,30.223494,29900
FMAT,2019-08-15,30.870001,30.889999,30.580000,30.719999,30.144991,67000
FMAT,2019-08-16,30.830000,31.320000,30.830000,31.280001,30.694511,27600
FMAT,2019-08-19,31.570000,31.700001,31.549999,31.600000,31.008522,73200
FMAT,2019-08-20,31.500000,31.500000,31.200001,31.200001,30.616011,9500
FMAT,2019-08-21,31.420000,31.480000,31.360001,31.370001,30.782827,18400
FMAT,2019-08-22,31.420000,31.500000,31.129999,31.200001,30.616011,22300
FMAT,2019-08-23,31.049999,31.049999,30.370001,30.400000,29.830982,22800
FMAT,2019-08-26,30.660000,30.660000,30.430000,30.500000,29.929110,58200
FMAT,2019-08-27,30.709999,30.850000,30.450001,30.500000,29.929110,19000
FMAT,2019-08-28,30.450001,30.879999,30.389999,30.809999,30.233309,21000
FMAT,2019-08-29,31.160000,31.370001,31.160000,31.200001,30.616011,17100
FMAT,2019-08-30,31.440001,31.580000,31.330000,31.379999,30.792637,28000
FMAT,2019-09-03,31.180000,31.180000,30.959999,31.090000,30.508068,22600
FMAT,2019-09-04,31.379999,31.480000,31.330000,31.480000,30.890768,33100
FMAT,2019-09-05,31.770000,31.860001,31.639999,31.639999,31.047771,14100
FMAT,2019-09-06,31.700001,31.840000,31.610001,31.740000,31.145901,14000
FMAT,2019-09-09,31.820000,31.820000,31.660000,31.709999,31.116463,16700
FMAT,2019-09-10,31.700001,32.090000,31.700001,32.080002,31.479540,14400
FMAT,2019-09-11,32.160000,32.500000,31.990000,32.480000,31.872049,16600
FMAT,2019-09-12,32.660000,32.779999,32.470001,32.660000,32.048683,26800
FMAT,2019-09-13,32.830002,33.099998,32.830002,32.990002,32.372505,28800
FMAT,2019-09-16,32.939999,32.939999,32.529999,32.549999,31.940739,78500
FMAT,2019-09-17,32.520000,32.750000,32.389999,32.680000,32.068310,89500
FMAT,2019-09-18,32.700001,32.730000,32.459999,32.650002,32.038872,16900
FMAT,2019-09-19,32.770000,32.889999,32.680000,32.709999,32.097744,14600
FMAT,2019-09-20,32.619999,32.700001,32.389999,32.439999,31.991238,11100
FMAT,2019-09-23,32.290001,32.529999,32.220001,32.430000,31.981379,22000
FMAT,2019-09-24,32.490002,32.490002,31.980000,32.029999,31.586908,73300
FMAT,2019-09-25,32.000000,32.340000,31.980000,32.290001,31.843315,13100
FMAT,2019-09-26,32.220001,32.290001,32.049999,32.220001,31.774282,22800
FMAT,2019-09-27,32.220001,32.349998,32.000000,32.090000,31.646080,17900
FMAT,2019-09-30,32.110001,32.410000,32.110001,32.330002,31.882763,21000
FMAT,2019-10-01,32.410000,32.560001,31.629999,31.650000,31.212168,46600
FMAT,2019-10-02,31.350000,31.350000,30.799999,31.080000,30.650053,24500
FMAT,2019-10-03,31.059999,31.180000,30.700001,31.160000,30.728945,25800
FMAT,2019-10-04,31.290001,31.420000,31.240000,31.389999,30.955765,7600
FMAT,2019-10-07,31.240000,31.559999,31.170000,31.250000,30.817699,13800
FMAT,2019-10-08,31.059999,31.059999,30.740000,30.760000,30.334480,21500
FMAT,2019-10-09,31.010000,31.120001,30.809999,31.000000,30.571159,18100
FMAT,2019-10-10,31.049999,31.410000,31.049999,31.270000,30.837425,21900
FMAT,2019-10-11,31.610001,32.189999,31.610001,31.889999,31.448847,60400
FMAT,2019-10-14,31.840000,31.850000,31.700001,31.700001,31.261477,100900
FMAT,2019-10-15,31.820000,32.029999,31.780001,31.830000,31.389677,13100
FMAT,2019-10-16,31.840000,32.139999,31.840000,31.920000,31.478434,11300
FMAT,2019-10-17,32.009998,32.259998,32.000000,32.020000,31.577049,11800
FMAT,2019-10-18,31.990000,32.119999,31.600000,32.060001,31.616497,5400
FMAT,2019-10-21,32.220001,32.240002,31.969999,31.969999,31.527740,12900
FMAT,2019-10-22,31.940001,32.080002,31.750000,31.920000,31.478434,18600
FMAT,2019-10-23,31.940001,32.169998,31.940001,32.090000,31.646080,18300
FMAT,2019-10-24,32.220001,32.220001,32.009998,32.169998,31.724972,7100
FMAT,2019-10-25,32.180000,32.610001,32.180000,32.549999,32.099716,12600
FMAT,2019-10-28,32.669998,32.840000,32.619999,32.680000,32.227921,39900
FMAT,2019-10-29,32.650002,33.029999,32.650002,32.900002,32.444874,24700
FMAT,2019-10-30,32.779999,32.869999,32.590000,32.820000,32.365982,15100
FMAT,2019-10-31,32.720001,32.759998,32.349998,32.450001,32.001102,36900
FMAT,2019-11-01,32.660000,33.000000,32.570000,33.000000,32.543491,41300
FMAT,2019-11-04,33.200001,33.279999,33.119999,33.259998,32.799892,87800
FMAT,2019-11-05,33.299999,33.509998,33.270000,33.360001,32.898514,41300
FMAT,2019-11-06,33.310001,33.389999,33.259998,33.349998,32.888649,8800
FMAT,2019-11-07,33.500000,33.599998,33.450001,33.560001,33.095749,38600
FMAT,2019-11-08,33.540001,33.680000,33.500000,33.680000,33.214085,54300
FMAT,2019-11-11,33.560001,33.669998,33.509998,33.669998,33.204220,20300
FMAT,2019-11-12,33.740002,33.860001,33.619999,33.730000,33.263393,17900
FMAT,2019-11-13,33.610001,33.669998,33.500000,33.560001,33.095749,30500
FMAT,2019-11-14,33.500000,33.720001,33.500000,33.700001,33.233810,20500
FMAT,2019-11-15,33.849998,33.880001,33.599998,33.669998,33.204220,22700
FMAT,2019-11-18,33.580002,33.639999,33.400002,33.570000,33.105606,24400
FMAT,2019-11-19,33.730000,33.730000,33.430000,33.500000,33.036575,32100
FMAT,2019-11-20,33.380001,33.450001,33.090000,33.119999,32.661831,21000
FMAT,2019-11-21,33.130001,33.169998,33.020000,33.080002,32.622387,17700
FMAT,2019-11-22,33.119999,33.240002,33.119999,33.119999,32.661831,12100
FMAT,2019-11-25,33.189999,33.389999,33.169998,33.369999,32.908371,22200
FMAT,2019-11-26,33.360001,33.580002,33.360001,33.540001,33.076019,16900
FMAT,2019-11-27,33.560001,33.709999,33.500000,33.680000,33.214085,23900
FMAT,2019-11-29,33.630001,33.630001,33.480000,33.529999,33.066158,12000
FMAT,2019-12-02,33.509998,33.580002,33.270000,33.270000,32.809757,15500
FMAT,2019-12-03,33.040001,33.070000,32.799999,33.049999,32.592800,27300
FMAT,2019-12-04,33.259998,33.470001,33.090000,33.090000,32.632248,24500
FMAT,2019-12-05,33.119999,33.320000,33.119999,33.290001,32.829479,31100
FMAT,2019-12-06,33.500000,33.709999,33.500000,33.610001,33.145054,23300
FMAT,2019-12-09,33.639999,33.779999,33.590000,33.590000,33.125332,13300
FMAT,2019-12-10,33.490002,33.560001,33.389999,33.389999,32.928097,14400
FMAT,2019-12-11,33.490002,33.660000,33.490002,33.619999,33.154915,18100
FMAT,2019-12-12,33.660000,34.130001,33.639999,34.080002,33.608555,51400
FMAT,2019-12-13,34.070000,34.259998,33.799999,33.799999,33.332424,27300
FMAT,2019-12-16,34.060001,34.110001,33.910000,33.910000,33.440903,21900
FMAT,2019-12-17,34.040001,34.080002,33.910000,34.020000,33.549381,37400
FMAT,2019-12-18,34.009998,34.020000,33.759998,33.980000,33.509933,15600
FMAT,2019-12-19,33.970001,34.150002,33.970001,34.080002,33.608555,19600
FMAT,2019-12-20,34.020000,34.130001,33.980000,34.049999,33.745316,16900
FMAT,2019-12-23,34.000000,34.209999,33.959999,34.180000,33.874153,22400
FMAT,2019-12-24,34.220001,34.299999,34.200001,34.220001,33.913799,13200
FMAT,2019-12-26,34.299999,34.310001,34.180000,34.310001,34.002991,29000
FMAT,2019-12-27,34.320000,34.430000,34.209999,34.209999,33.903885,21700
FMAT,2019-12-30,34.290001,34.290001,34.110001,34.110001,33.804783,23700
FMAT,2019-12-31,34.110001,34.360001,34.110001,34.330002,34.022816,27200
FMAT,2020-01-02,34.560001,34.580002,33.930000,34.000000,33.695766,75200
FMAT,2020-01-03,33.619999,33.810001,33.490002,33.490002,33.190331,76700
FMAT,2020-01-06,33.320000,33.529999,33.299999,33.330002,33.031761,807500
FMAT,2020-01-07,33.290001,33.490002,33.279999,33.279999,32.982208,302100
FMAT,2020-01-08,33.279999,33.450001,33.160000,33.330002,33.031761,29700
FMAT,2020-01-09,33.430000,33.470001,33.330002,33.389999,33.091221,26500
FMAT,2020-01-10,33.480000,33.540001,33.240002,33.279999,32.982208,23200
FMAT,2020-01-13,33.299999,33.689999,33.299999,33.680000,33.378628,42400
FMAT,2020-01-14,33.610001,33.799999,33.570000,33.619999,33.319164,30300
FMAT,2020-01-15,33.660000,33.980000,33.650002,33.830002,33.527287,28500
FMAT,2020-01-16,33.930000,34.040001,33.860001,34.009998,33.705673,25100
FMAT,2020-01-17,34.080002,34.139999,34.009998,34.139999,33.834511,22500
FMAT,2020-01-21,33.939999,33.939999,33.660000,33.709999,33.408360,32000
FMAT,2020-01-22,33.779999,33.790001,33.580002,33.590000,33.289433,23100
FMAT,2020-01-23,33.419998,33.580002,33.080002,33.580002,33.279526,23600
FMAT,2020-01-24,33.599998,33.599998,33.160000,33.290001,32.992119,151800
FMAT,2020-01-27,32.830002,32.830002,32.610001,32.650002,32.357845,46700
FMAT,2020-01-28,32.790001,32.980000,32.790001,32.869999,32.575874,26500
FMAT,2020-01-29,32.990002,33.160000,32.990002,33.000000,32.704712,23000
FMAT,2020-01-30,32.680000,32.860001,32.410000,32.860001,32.565968,27300
FMAT,2020-01-31,32.619999,32.619999,32.040001,32.160000,31.872229,31900
FMAT,2020-02-03,32.220001,32.840000,32.220001,32.709999,32.417309,78600
FMAT,2020-02-04,33.029999,33.410000,33.029999,33.240002,32.942566,91000
FMAT,2020-02-05,33.520000,33.959999,33.380001,33.930000,33.626392,24300
FMAT,2020-02-06,34.049999,34.049999,33.750000,33.860001,33.557018,24400
FMAT,2020-02-07,33.650002,33.689999,33.259998,33.349998,33.051579,26700
FMAT,2020-02-10,33.270000,33.349998,33.250000,33.299999,33.002029,21400
FMAT,2020-02-11,33.450001,33.799999,33.450001,33.549999,33.249790,18700
FMAT,2020-02-12,33.740002,33.770000,33.639999,33.689999,33.388538,25300
FMAT,2020-02-13,33.630001,33.750000,33.529999,33.590000,33.289433,32900
FMAT,2020-02-14,33.590000,33.720001,33.529999,33.580002,33.279526,19700
FMAT,2020-02-18,33.490002,33.580002,33.320000,33.490002,33.190331,47000
FMAT,2020-02-19,33.560001,33.689999,33.560001,33.590000,33.289433,26600
FMAT,2020-02-20,33.500000,33.869999,33.450001,33.639999,33.338985,31200
FMAT,2020-02-21,33.459999,33.540001,33.410000,33.459999,33.160595,21200
FMAT,2020-02-24,32.590000,32.720001,32.410000,32.529999,32.238918,46600
FMAT,2020-02-25,32.570000,32.570000,31.080000,31.110001,30.831625,82100
FMAT,2020-02-26,31.280001,31.610001,30.920000,30.920000,30.643326,38100
FMAT,2020-02-27,30.410000,30.750000,29.549999,29.559999,29.295494,115400
FMAT,2020-02-28,28.559999,29.209999,28.330000,29.200001,28.938717,145700
FMAT,2020-03-02,29.410000,30.290001,29.150000,30.270000,29.999142,1190700
FMAT,2020-03-03,30.330000,30.809999,29.660000,30.070000,29.800930,841600
FMAT,2020-03-04,30.570000,31.190001,30.240000,31.190001,30.910910,20400
FMAT,2020-03-05,30.420000,30.610001,30.030001,30.219999,29.949589,45400
FMAT,2020-03-06,29.490000,29.650000,28.889999,29.490000,29.226120,33300
FMAT,2020-03-09,27.100000,27.660000,26.610001,26.700001,26.461086,93800
FMAT,2020-03-10,27.660000,27.660000,26.299999,27.639999,27.392673,51300
FMAT,2020-03-11,26.870001,26.870001,25.900000,26.320000,26.084486,39200
FMAT,2020-03-12,24.250000,25.260000,23.520000,23.760000,23.547394,73600
FMAT,2020-03-13,24.980000,25.410000,23.590000,25.410000,25.182629,67700
FMAT,2020-03-16,22.670000,23.490000,21.990000,22.530001,22.328400,172700
FMAT,2020-03-17,22.910000,24.170000,22.350000,24.170000,23.953724,84200
FMAT,2020-03-18,22.490000,23.280001,21.000000,22.080000,21.882425,67900
FMAT,2020-03-19,21.940001,23.240000,21.490000,22.910000,22.705000,71000
FMAT,2020-03-20,23.010000,23.010000,21.559999,21.820000,21.820000,29000
FMAT,2020-03-23,21.670000,21.809999,20.760000,20.809999,20.809999,109200
FMAT,2020-03-24,22.139999,23.299999,22.010000,23.250000,23.250000,66200
FMAT,2020-03-25,23.400000,24.700001,22.990000,23.799999,23.799999,46100
FMAT,2020-03-26,24.190001,25.030001,24.190001,24.940001,24.940001,67500
FMAT,2020-03-27,24.120001,24.440001,23.870001,24.049999,24.049999,48000
FMAT,2020-03-30,24.270000,24.770000,24.049999,24.770000,24.770000,77500
FMAT,2020-03-31,24.549999,25.070000,24.379999,24.500000,24.500000,69000
FMAT,2020-04-01,23.549999,24.000000,23.400000,23.400000,23.400000,43600
FMAT,2020-04-02,23.370001,24.209999,23.360001,23.730000,23.730000,21900
FMAT,2020-04-03,23.620001,23.959999,23.030001,23.120001,23.120001,25200
FMAT,2020-04-06,24.110001,24.980000,24.110001,24.850000,24.850000,63700
FMAT,2020-04-07,25.760000,26.260000,25.350000,25.389999,25.389999,40800
FMAT,2020-04-08,25.740000,26.700001,25.430000,26.650000,26.650000,39300
FMAT,2020-04-09,27.090000,27.940001,27.090000,27.840000,27.840000,66400
FMAT,2020-04-13,27.600000,27.639999,26.940001,27.170000,27.170000,137200
FMAT,2020-04-14,27.660000,27.910000,27.330000,27.500000,27.500000,45100
FMAT,2020-04-15,26.610001,26.610001,26.120001,26.250000,26.250000,30400
FMAT,2020-04-16,26.260000,26.270000,25.660000,26.139999,26.139999,29900
FMAT,2020-04-17,26.709999,27.209999,26.709999,27.170000,27.170000,26000
FMAT,2020-04-20,26.740000,27.070000,26.430000,26.510000,26.510000,24700
FMAT,2020-04-21,25.889999,26.110001,25.840000,25.860001,25.860001,20700
FMAT,2020-04-22,26.370001,26.540001,26.139999,26.400000,26.400000,24400
FMAT,2020-04-23,26.490000,27.120001,26.490000,26.580000,26.580000,17000
FMAT,2020-04-24,26.780001,27.080000,26.530001,26.969999,26.969999,34800
FMAT,2020-04-27,27.180000,27.910000,27.139999,27.799999,27.799999,19000
FMAT,2020-04-28,28.240000,28.480000,28.000000,28.299999,28.299999,16400
FMAT,2020-04-29,28.850000,29.320000,28.850000,29.170000,29.170000,33500
FMAT,2020-04-30,28.799999,28.799999,28.260000,28.320000,28.320000,25200
FMAT,2020-05-01,27.920000,27.920000,27.440001,27.670000,27.670000,33000
FMAT,2020-05-04,27.469999,27.700001,27.180000,27.700001,27.700001,37700
FMAT,2020-05-05,28.209999,28.209999,27.760000,27.820000,27.820000,35600
FMAT,2020-05-06,27.920000,27.930000,27.320000,27.340000,27.340000,24600
FMAT,2020-05-07,27.600000,28.080000,27.600000,27.870001,27.870001,200500
FMAT,2020-05-08,28.150000,28.670000,28.150000,28.670000,28.670000,31400
FMAT,2020-05-11,28.360001,28.360001,27.889999,28.209999,28.209999,30900
FMAT,2020-05-12,28.240000,28.350000,27.690001,27.719999,27.719999,21500
FMAT,2020-05-13,27.510000,27.719999,26.740000,26.969999,26.969999,33800
FMAT,2020-05-14,26.490000,27.280001,26.100000,27.260000,27.260000,22500
FMAT,2020-05-15,27.299999,27.559999,27.230000,27.559999,27.559999,16600
FMAT,2020-05-18,28.520000,29.120001,28.520000,28.959999,28.959999,28300
FMAT,2020-05-19,28.820000,29.110001,28.700001,28.700001,28.700001,16700
FMAT,2020-05-20,29.059999,29.430000,29.059999,29.150000,29.150000,27000
FMAT,2020-05-21,29.100000,29.230000,28.850000,28.969999,28.969999,24000
FMAT,2020-05-22,28.980000,28.980000,28.690001,28.900000,28.900000,16300
FMAT,2020-05-26,29.580000,29.910000,29.500000,29.750000,29.750000,38000
FMAT,2020-05-27,30.150000,30.250000,29.850000,30.230000,30.230000,25500
FMAT,2020-05-28,30.549999,30.620001,30.209999,30.330000,30.330000,36500
FMAT,2020-05-29,30.299999,30.400000,30.020000,30.299999,30.299999,39300
FMAT,2020-06-01,30.350000,30.650000,30.350000,30.570000,30.570000,146100
FMAT,2020-06-02,30.660000,31.120001,30.660000,31.040001,31.040001,41200
FMAT,2020-06-03,31.360001,32.000000,31.360001,31.770000,31.770000,43200
FMAT,2020-06-04,31.709999,32.009998,31.700001,32.000000,32.000000,26000
FMAT,2020-06-05,32.889999,33.119999,32.740002,32.799999,32.799999,57800
FMAT,2020-06-08,33.049999,33.049999,32.689999,32.930000,32.930000,58700
FMAT,2020-06-09,32.549999,32.669998,32.259998,32.470001,32.470001,540500
FMAT,2020-06-10,32.590000,32.590000,31.910000,32.009998,32.009998,35100
FMAT,2020-06-11,31.049999,31.120001,29.410000,29.500000,29.500000,49300
FMAT,2020-06-12,30.430000,30.639999,29.590000,30.120001,30.120001,35800
FMAT,2020-06-15,29.290001,30.559999,29.120001,30.420000,30.420000,48000
FMAT,2020-06-16,31.740000,31.740000,30.690001,31.059999,31.059999,35800
